Filename,GrayValue,ROI_Size
4.0.bmp,63.39111111111111,15x15
4.001.bmp,63.16888888888889,15x15
4.002.bmp,63.21333333333333,15x15
4.003.bmp,63.03111111111111,15x15
4.004.bmp,62.98222222222222,15x15
4.005.bmp,62.99111111111111,15x15
4.006.bmp,62.973333333333336,15x15
4.007.bmp,62.88444444444445,15x15
4.008.bmp,62.791111111111114,15x15
4.009.bmp,62.715555555555554,15x15
4.01.bmp,62.52,15x15
4.011.bmp,62.586666666666666,15x15
4.012.bmp,62.45777777777778,15x15
4.013.bmp,62.44,15x15
4.014.bmp,62.586666666666666,15x15
4.015.bmp,62.32,15x15
4.016.bmp,62.24,15x15
4.017.bmp,62.217777777777776,15x15
4.018.bmp,62.275555555555556,15x15
4.019.bmp,61.973333333333336,15x15
4.02.bmp,61.83111111111111,15x15
4.021.bmp,61.8,15x15
4.022.bmp,61.84888888888889,15x15
4.023.bmp,61.6,15x15
4.024.bmp,61.64,15x15
4.025.bmp,61.57333333333333,15x15
4.026.bmp,61.44,15x15
4.027.bmp,61.324444444444445,15x15
4.028.bmp,61.22222222222222,15x15
4.029.bmp,61.13333333333333,15x15
4.03.bmp,61.45333333333333,15x15
4.031.bmp,61.2,15x15
4.032.bmp,61.22222222222222,15x15
4.033.bmp,61.16888888888889,15x15
4.034.bmp,61.14222222222222,15x15
4.035.bmp,61.08444444444444,15x15
4.036.bmp,60.897777777777776,15x15
4.037.bmp,60.84888888888889,15x15
4.038.bmp,60.888888888888886,15x15
4.039.bmp,60.635555555555555,15x15
4.04.bmp,60.724444444444444,15x15
4.041.bmp,60.724444444444444,15x15
4.042.bmp,60.58222222222222,15x15
4.043.bmp,60.54666666666667,15x15
4.044.bmp,60.577777777777776,15x15
4.045.bmp,60.431111111111115,15x15
4.046.bmp,60.55555555555556,15x15
4.047.bmp,60.324444444444445,15x15
4.048.bmp,60.373333333333335,15x15
4.049.bmp,60.30222222222222,15x15
4.05.bmp,60.12,15x15
4.051.bmp,60.346666666666664,15x15
4.052.bmp,60.16888888888889,15x15
4.053.bmp,60.05777777777778,15x15
4.054.bmp,60.257777777777775,15x15
4.055.bmp,60.01777777777778,15x15
4.056.bmp,59.96888888888889,15x15
4.057.bmp,59.77777777777778,15x15
4.058.bmp,59.724444444444444,15x15
4.059.bmp,59.733333333333334,15x15
4.06.bmp,59.76444444444444,15x15
4.061.bmp,59.528888888888886,15x15
4.062.bmp,59.595555555555556,15x15
4.063.bmp,59.65777777777778,15x15
4.064.bmp,59.72888888888889,15x15
4.065.bmp,59.55111111111111,15x15
4.066.bmp,59.40888888888889,15x15
4.067.bmp,59.53777777777778,15x15
4.068.bmp,59.39111111111111,15x15
4.069.bmp,59.42666666666667,15x15
4.07.bmp,59.33777777777778,15x15
4.071.bmp,59.31111111111111,15x15
4.072.bmp,59.2,15x15
4.073.bmp,59.24,15x15
4.074.bmp,59.315555555555555,15x15
4.075.bmp,59.026666666666664,15x15
4.076.bmp,59.111111111111114,15x15
4.077.bmp,59.23111111111111,15x15
4.078.bmp,59.093333333333334,15x15
4.079.bmp,58.964444444444446,15x15
4.08.bmp,59.111111111111114,15x15
4.081.bmp,59.01777777777778,15x15
4.082.bmp,59.00888888888889,15x15
4.083.bmp,59.026666666666664,15x15
4.084.bmp,58.76,15x15
4.085.bmp,58.86666666666667,15x15
4.086.bmp,58.702222222222225,15x15
4.087.bmp,58.85333333333333,15x15
4.088.bmp,58.76444444444444,15x15
4.089.bmp,58.76,15x15
4.09.bmp,58.644444444444446,15x15
4.091.bmp,58.73777777777778,15x15
4.092.bmp,58.52,15x15
4.093.bmp,58.50222222222222,15x15
4.094.bmp,58.44,15x15
4.095.bmp,58.422222222222224,15x15
4.096.bmp,58.48444444444444,15x15
4.097.bmp,58.41777777777778,15x15
4.098.bmp,58.595555555555556,15x15
4.099.bmp,58.27111111111111,15x15
4.1.bmp,58.40888888888889,15x15
4.101.bmp,58.50222222222222,15x15
4.102.bmp,58.44888888888889,15x15
4.103.bmp,58.17777777777778,15x15
4.104.bmp,58.22666666666667,15x15
4.105.bmp,58.257777777777775,15x15
4.106.bmp,58.24444444444445,15x15
4.107.bmp,58.12888888888889,15x15
4.108.bmp,58.22666666666667,15x15
4.109.bmp,58.15555555555556,15x15
4.11.bmp,58.10666666666667,15x15
4.111.bmp,58.044444444444444,15x15
4.112.bmp,58.12444444444444,15x15
4.113.bmp,58.14222222222222,15x15
4.114.bmp,57.99111111111111,15x15
4.115.bmp,57.86666666666667,15x15
4.116.bmp,58.062222222222225,15x15
4.117.bmp,57.83555555555556,15x15
4.118.bmp,57.70666666666666,15x15
4.119.bmp,58.053333333333335,15x15
4.12.bmp,57.83555555555556,15x15
4.121.bmp,57.83555555555556,15x15
4.122.bmp,57.74666666666667,15x15
4.123.bmp,57.81333333333333,15x15
4.124.bmp,57.946666666666665,15x15
4.125.bmp,57.79555555555555,15x15
4.126.bmp,57.83555555555556,15x15
4.127.bmp,57.82666666666667,15x15
4.128.bmp,57.617777777777775,15x15
4.129.bmp,57.76444444444444,15x15
4.13.bmp,57.60444444444445,15x15
4.131.bmp,57.68888888888889,15x15
4.132.bmp,57.76,15x15
4.133.bmp,57.73777777777778,15x15
4.134.bmp,57.55555555555556,15x15
4.135.bmp,57.684444444444445,15x15
4.136.bmp,57.64,15x15
4.137.bmp,57.4,15x15
4.138.bmp,57.49777777777778,15x15
4.139.bmp,57.431111111111115,15x15
4.14.bmp,57.724444444444444,15x15
4.141.bmp,57.568888888888885,15x15
4.142.bmp,57.50222222222222,15x15
4.143.bmp,57.595555555555556,15x15
4.144.bmp,57.47555555555556,15x15
4.145.bmp,57.51111111111111,15x15
4.146.bmp,57.50222222222222,15x15
4.147.bmp,57.52,15x15
4.148.bmp,57.382222222222225,15x15
4.149.bmp,57.373333333333335,15x15
4.15.bmp,57.46222222222222,15x15
4.151.bmp,57.44888888888889,15x15
4.152.bmp,57.51111111111111,15x15
4.153.bmp,57.644444444444446,15x15
4.154.bmp,57.52,15x15
4.155.bmp,57.34222222222222,15x15
4.156.bmp,57.44888888888889,15x15
4.157.bmp,57.297777777777775,15x15
4.158.bmp,57.34222222222222,15x15
4.159.bmp,57.52444444444444,15x15
4.16.bmp,57.49333333333333,15x15
4.161.bmp,57.315555555555555,15x15
4.162.bmp,57.33777777777778,15x15
4.163.bmp,57.32,15x15
4.164.bmp,57.373333333333335,15x15
4.165.bmp,57.306666666666665,15x15
4.166.bmp,57.34222222222222,15x15
4.167.bmp,57.49333333333333,15x15
4.168.bmp,57.413333333333334,15x15
4.169.bmp,57.44888888888889,15x15
4.17.bmp,57.16,15x15
4.171.bmp,57.208888888888886,15x15
4.172.bmp,57.47555555555556,15x15
4.173.bmp,57.22222222222222,15x15
4.174.bmp,57.266666666666666,15x15
4.175.bmp,57.34222222222222,15x15
4.176.bmp,57.217777777777776,15x15
4.177.bmp,57.28888888888889,15x15
4.178.bmp,57.45777777777778,15x15
4.179.bmp,57.30222222222222,15x15
4.18.bmp,57.31111111111111,15x15
4.181.bmp,57.20444444444445,15x15
4.182.bmp,57.28888888888889,15x15
4.183.bmp,57.382222222222225,15x15
4.184.bmp,57.15555555555556,15x15
4.185.bmp,57.20444444444445,15x15
4.186.bmp,57.2,15x15
4.187.bmp,57.17777777777778,15x15
4.188.bmp,57.431111111111115,15x15
4.189.bmp,57.32888888888889,15x15
4.19.bmp,57.20444444444445,15x15
4.191.bmp,57.28,15x15
4.192.bmp,57.27111111111111,15x15
4.193.bmp,57.333333333333336,15x15
4.194.bmp,57.32,15x15
4.195.bmp,57.19555555555556,15x15
4.196.bmp,57.284444444444446,15x15
4.197.bmp,57.32888888888889,15x15
4.198.bmp,57.45333333333333,15x15
4.199.bmp,57.49333333333333,15x15
4.2.bmp,57.36,15x15
4.201.bmp,57.33777777777778,15x15
4.202.bmp,57.21333333333333,15x15
4.203.bmp,57.14222222222222,15x15
4.204.bmp,57.404444444444444,15x15
4.205.bmp,57.39111111111111,15x15
4.206.bmp,57.208888888888886,15x15
4.207.bmp,57.29333333333334,15x15
4.208.bmp,57.346666666666664,15x15
4.209.bmp,57.17777777777778,15x15
4.21.bmp,57.24888888888889,15x15
4.211.bmp,57.382222222222225,15x15
4.212.bmp,57.37777777777778,15x15
4.213.bmp,57.471111111111114,15x15
4.214.bmp,57.346666666666664,15x15
4.215.bmp,57.36,15x15
4.216.bmp,57.27111111111111,15x15
4.217.bmp,57.48444444444444,15x15
4.218.bmp,57.471111111111114,15x15
4.219.bmp,57.42666666666667,15x15
4.22.bmp,57.315555555555555,15x15
4.221.bmp,57.586666666666666,15x15
4.222.bmp,57.48,15x15
4.223.bmp,57.355555555555554,15x15
4.224.bmp,57.40888888888889,15x15
4.225.bmp,57.54222222222222,15x15
4.226.bmp,57.46666666666667,15x15
4.227.bmp,57.44444444444444,15x15
4.228.bmp,57.54666666666667,15x15
4.229.bmp,57.382222222222225,15x15
4.23.bmp,57.60444444444445,15x15
4.231.bmp,57.40888888888889,15x15
4.232.bmp,57.49333333333333,15x15
4.233.bmp,57.44444444444444,15x15
4.234.bmp,57.44,15x15
4.235.bmp,57.635555555555555,15x15
4.236.bmp,57.577777777777776,15x15
4.237.bmp,57.46222222222222,15x15
4.238.bmp,57.48444444444444,15x15
4.239.bmp,57.44,15x15
4.24.bmp,57.47555555555556,15x15
4.241.bmp,57.43555555555555,15x15
4.242.bmp,57.58222222222222,15x15
4.243.bmp,57.51111111111111,15x15
4.244.bmp,57.471111111111114,15x15
4.245.bmp,57.626666666666665,15x15
4.246.bmp,57.59111111111111,15x15
4.247.bmp,57.635555555555555,15x15
4.248.bmp,57.66222222222222,15x15
4.249.bmp,57.53333333333333,15x15
4.25.bmp,57.617777777777775,15x15
4.251.bmp,57.50222222222222,15x15
4.252.bmp,57.65777777777778,15x15
4.253.bmp,57.54666666666667,15x15
4.254.bmp,57.70666666666666,15x15
4.255.bmp,57.715555555555554,15x15
4.256.bmp,57.57333333333333,15x15
4.257.bmp,57.626666666666665,15x15
4.258.bmp,57.54666666666667,15x15
4.259.bmp,57.80444444444444,15x15
4.26.bmp,57.82666666666667,15x15
4.261.bmp,57.64,15x15
4.262.bmp,57.644444444444446,15x15
4.263.bmp,57.64,15x15
4.264.bmp,57.49333333333333,15x15
4.265.bmp,57.62222222222222,15x15
4.266.bmp,57.76,15x15
4.267.bmp,57.715555555555554,15x15
4.268.bmp,57.72,15x15
4.269.bmp,57.68,15x15
4.27.bmp,57.63111111111111,15x15
4.271.bmp,57.77777777777778,15x15
4.272.bmp,57.586666666666666,15x15
4.273.bmp,57.84888888888889,15x15
4.274.bmp,57.70666666666666,15x15
4.275.bmp,57.63111111111111,15x15
4.276.bmp,57.702222222222225,15x15
4.277.bmp,57.72,15x15
4.278.bmp,57.46666666666667,15x15
4.279.bmp,57.733333333333334,15x15
4.28.bmp,57.75555555555555,15x15
4.281.bmp,57.906666666666666,15x15
4.282.bmp,57.71111111111111,15x15
4.283.bmp,57.78666666666667,15x15
4.284.bmp,57.897777777777776,15x15
4.285.bmp,57.78666666666667,15x15
4.286.bmp,57.76444444444444,15x15
4.287.bmp,57.74666666666667,15x15
4.288.bmp,57.84,15x15
4.289.bmp,57.84888888888889,15x15
4.29.bmp,57.93333333333333,15x15
4.291.bmp,57.90222222222222,15x15
4.292.bmp,57.742222222222225,15x15
4.293.bmp,57.77333333333333,15x15
4.294.bmp,57.733333333333334,15x15
4.295.bmp,57.782222222222224,15x15
4.296.bmp,57.78666666666667,15x15
4.297.bmp,57.91111111111111,15x15
4.298.bmp,57.75111111111111,15x15
4.299.bmp,57.73777777777778,15x15
4.3.bmp,57.906666666666666,15x15
4.301.bmp,57.74666666666667,15x15
4.302.bmp,57.78666666666667,15x15
4.303.bmp,57.96,15x15
4.304.bmp,57.724444444444444,15x15
4.305.bmp,57.675555555555555,15x15
4.306.bmp,57.85777777777778,15x15
4.307.bmp,57.84888888888889,15x15
4.308.bmp,57.77333333333333,15x15
4.309.bmp,57.89333333333333,15x15
4.31.bmp,57.90222222222222,15x15
4.311.bmp,57.72,15x15
4.312.bmp,57.626666666666665,15x15
4.313.bmp,57.906666666666666,15x15
4.314.bmp,57.85333333333333,15x15
4.315.bmp,57.93333333333333,15x15
4.316.bmp,57.72,15x15
4.317.bmp,57.87555555555556,15x15
4.318.bmp,57.78666666666667,15x15
4.319.bmp,57.92444444444445,15x15
4.32.bmp,57.86666666666667,15x15
4.321.bmp,57.87555555555556,15x15
4.322.bmp,57.82222222222222,15x15
4.323.bmp,57.84888888888889,15x15
4.324.bmp,58.275555555555556,15x15
4.325.bmp,58.004444444444445,15x15
4.326.bmp,58.004444444444445,15x15
4.327.bmp,57.75111111111111,15x15
4.328.bmp,57.85333333333333,15x15
4.329.bmp,58.035555555555554,15x15
4.33.bmp,58.17333333333333,15x15
4.331.bmp,57.98222222222222,15x15
4.332.bmp,57.955555555555556,15x15
4.333.bmp,58.00888888888889,15x15
4.334.bmp,57.84444444444444,15x15
4.335.bmp,57.96,15x15
4.336.bmp,57.89333333333333,15x15
4.337.bmp,58.08444444444444,15x15
4.338.bmp,58.111111111111114,15x15
4.339.bmp,58.004444444444445,15x15
4.34.bmp,58.18666666666667,15x15
4.341.bmp,58.12444444444444,15x15
4.342.bmp,58.12888888888889,15x15
4.343.bmp,58.12,15x15
4.344.bmp,58.217777777777776,15x15
4.345.bmp,58.17333333333333,15x15
4.346.bmp,58.12888888888889,15x15
4.347.bmp,58.12888888888889,15x15
4.348.bmp,58.15111111111111,15x15
4.349.bmp,58.27111111111111,15x15
4.35.bmp,58.275555555555556,15x15
4.351.bmp,58.15111111111111,15x15
4.352.bmp,58.217777777777776,15x15
4.353.bmp,58.382222222222225,15x15
4.354.bmp,58.23555555555556,15x15
4.355.bmp,58.4,15x15
4.356.bmp,58.36,15x15
4.357.bmp,58.44888888888889,15x15
4.358.bmp,58.53777777777778,15x15
4.359.bmp,58.26222222222222,15x15
4.36.bmp,58.39555555555555,15x15
4.361.bmp,58.36888888888889,15x15
4.362.bmp,58.333333333333336,15x15
4.363.bmp,58.50666666666667,15x15
4.364.bmp,58.568888888888885,15x15
4.365.bmp,58.48888888888889,15x15
4.366.bmp,58.45333333333333,15x15
4.367.bmp,58.43555555555555,15x15
4.368.bmp,58.577777777777776,15x15
4.369.bmp,58.56,15x15
4.37.bmp,58.47555555555556,15x15
4.371.bmp,58.51111111111111,15x15
4.372.bmp,58.471111111111114,15x15
4.373.bmp,58.54222222222222,15x15
4.374.bmp,58.62222222222222,15x15
4.375.bmp,58.791111111111114,15x15
4.376.bmp,58.693333333333335,15x15
4.377.bmp,58.73777777777778,15x15
4.378.bmp,58.8,15x15
4.379.bmp,58.782222222222224,15x15
4.38.bmp,58.73777777777778,15x15
4.381.bmp,58.87555555555556,15x15
4.382.bmp,58.86666666666667,15x15
4.383.bmp,58.653333333333336,15x15
4.384.bmp,59.013333333333335,15x15
4.385.bmp,59.16444444444444,15x15
4.386.bmp,59.04,15x15
4.387.bmp,58.86666666666667,15x15
4.388.bmp,59.2,15x15
4.389.bmp,59.25333333333333,15x15
4.39.bmp,59.208888888888886,15x15
4.391.bmp,59.26222222222222,15x15
4.392.bmp,59.27111111111111,15x15
4.393.bmp,59.22666666666667,15x15
4.394.bmp,59.25333333333333,15x15
4.395.bmp,59.44444444444444,15x15
4.396.bmp,59.60888888888889,15x15
4.397.bmp,59.28,15x15
4.398.bmp,59.59111111111111,15x15
4.399.bmp,59.55111111111111,15x15
4.4.bmp,59.568888888888885,15x15
4.401.bmp,59.58222222222222,15x15
4.402.bmp,59.702222222222225,15x15
4.403.bmp,59.86222222222222,15x15
4.404.bmp,59.92888888888889,15x15
4.405.bmp,59.995555555555555,15x15
4.406.bmp,60.09777777777778,15x15
4.407.bmp,60.07555555555555,15x15
4.408.bmp,59.964444444444446,15x15
4.409.bmp,60.18666666666667,15x15
4.41.bmp,60.12888888888889,15x15
4.411.bmp,60.24,15x15
4.412.bmp,60.32,15x15
4.413.bmp,60.40888888888889,15x15
4.414.bmp,60.422222222222224,15x15
4.415.bmp,60.382222222222225,15x15
4.416.bmp,60.80444444444444,15x15
4.417.bmp,60.70666666666666,15x15
4.418.bmp,60.85333333333333,15x15
4.419.bmp,61.004444444444445,15x15
4.42.bmp,60.94222222222222,15x15
4.421.bmp,61.0,15x15
4.422.bmp,61.15111111111111,15x15
4.423.bmp,61.25333333333333,15x15
4.424.bmp,61.33777777777778,15x15
4.425.bmp,61.39111111111111,15x15
4.426.bmp,61.404444444444444,15x15
4.427.bmp,61.45777777777778,15x15
4.428.bmp,61.346666666666664,15x15
4.429.bmp,61.782222222222224,15x15
4.43.bmp,61.84,15x15
4.431.bmp,62.013333333333335,15x15
4.432.bmp,62.04888888888889,15x15
4.433.bmp,62.13333333333333,15x15
4.434.bmp,62.315555555555555,15x15
4.435.bmp,62.36,15x15
4.436.bmp,62.41777777777778,15x15
4.437.bmp,62.60444444444445,15x15
4.438.bmp,62.77333333333333,15x15
4.439.bmp,62.87111111111111,15x15
4.44.bmp,63.026666666666664,15x15
4.441.bmp,63.12,15x15
4.442.bmp,63.21333333333333,15x15
4.443.bmp,63.13777777777778,15x15
4.444.bmp,63.33777777777778,15x15
4.445.bmp,63.60444444444445,15x15
4.446.bmp,63.782222222222224,15x15
4.447.bmp,63.791111111111114,15x15
4.448.bmp,63.92444444444445,15x15
4.449.bmp,64.08444444444444,15x15
4.45.bmp,64.26666666666667,15x15
4.451.bmp,64.19111111111111,15x15
4.452.bmp,64.32,15x15
4.453.bmp,64.58666666666667,15x15
4.454.bmp,64.81333333333333,15x15
4.455.bmp,64.74666666666667,15x15
4.456.bmp,64.93333333333334,15x15
4.457.bmp,65.32888888888888,15x15
4.458.bmp,65.38666666666667,15x15
4.459.bmp,65.25777777777778,15x15
4.46.bmp,65.64,15x15
4.461.bmp,65.77777777777777,15x15
4.462.bmp,65.97333333333333,15x15
4.463.bmp,66.07555555555555,15x15
4.464.bmp,66.30666666666667,15x15
4.465.bmp,66.67111111111112,15x15
4.466.bmp,66.75555555555556,15x15
4.467.bmp,67.00444444444445,15x15
4.468.bmp,67.07111111111111,15x15
4.469.bmp,67.28444444444445,15x15
4.47.bmp,67.60888888888888,15x15
4.471.bmp,67.66222222222223,15x15
4.472.bmp,67.99111111111111,15x15
4.473.bmp,68.05777777777777,15x15
4.474.bmp,68.15555555555555,15x15
4.475.bmp,68.52888888888889,15x15
4.476.bmp,68.89777777777778,15x15
4.477.bmp,68.96444444444444,15x15
4.478.bmp,69.49777777777778,15x15
4.479.bmp,69.60888888888888,15x15
4.48.bmp,69.83555555555556,15x15
4.481.bmp,69.96444444444444,15x15
4.482.bmp,70.22666666666667,15x15
4.483.bmp,70.50222222222222,15x15
4.484.bmp,71.03555555555556,15x15
4.485.bmp,71.0,15x15
4.486.bmp,71.25333333333333,15x15
4.487.bmp,71.31111111111112,15x15
4.488.bmp,72.04,15x15
4.489.bmp,72.18222222222222,15x15
4.49.bmp,72.35111111111111,15x15
4.491.bmp,72.80888888888889,15x15
4.492.bmp,73.13333333333334,15x15
4.493.bmp,73.27555555555556,15x15
4.494.bmp,73.53333333333333,15x15
4.495.bmp,73.89333333333333,15x15
4.496.bmp,74.27111111111111,15x15
4.497.bmp,74.78222222222222,15x15
4.498.bmp,74.75555555555556,15x15
4.499.bmp,74.95555555555555,15x15
4.5.bmp,75.44444444444444,15x15
4.501.bmp,75.94222222222223,15x15
4.502.bmp,76.13777777777777,15x15
4.503.bmp,76.8,15x15
4.504.bmp,76.84444444444445,15x15
4.505.bmp,77.04444444444445,15x15
4.506.bmp,77.22666666666667,15x15
4.507.bmp,77.49333333333334,15x15
4.508.bmp,78.01777777777778,15x15
4.509.bmp,78.54666666666667,15x15
4.51.bmp,78.84,15x15
4.511.bmp,79.08,15x15
4.512.bmp,79.63111111111111,15x15
4.513.bmp,79.91555555555556,15x15
4.514.bmp,80.11555555555556,15x15
4.515.bmp,80.5911111111111,15x15
4.516.bmp,80.68888888888888,15x15
4.517.bmp,81.31111111111112,15x15
4.518.bmp,81.44444444444444,15x15
4.519.bmp,81.96444444444444,15x15
4.52.bmp,82.06222222222222,15x15
4.521.bmp,82.72888888888889,15x15
4.522.bmp,82.92888888888889,15x15
4.523.bmp,83.35111111111111,15x15
4.524.bmp,83.83555555555556,15x15
4.525.bmp,84.24888888888889,15x15
4.526.bmp,84.37333333333333,15x15
4.527.bmp,84.82666666666667,15x15
4.528.bmp,85.14222222222222,15x15
4.529.bmp,85.30222222222223,15x15
4.53.bmp,85.73333333333333,15x15
4.531.bmp,85.84444444444445,15x15
4.532.bmp,86.12444444444445,15x15
4.533.bmp,86.59555555555555,15x15
4.534.bmp,86.52888888888889,15x15
4.535.bmp,87.07111111111111,15x15
4.536.bmp,87.46666666666667,15x15
4.537.bmp,87.59555555555555,15x15
4.538.bmp,88.02666666666667,15x15
4.539.bmp,88.08,15x15
4.54.bmp,88.48,15x15
4.541.bmp,88.91111111111111,15x15
4.542.bmp,88.88888888888889,15x15
4.543.bmp,89.44,15x15
4.544.bmp,89.71555555555555,15x15
4.545.bmp,90.28888888888889,15x15
4.546.bmp,90.07555555555555,15x15
4.547.bmp,90.68888888888888,15x15
4.548.bmp,90.72444444444444,15x15
4.549.bmp,90.70666666666666,15x15
4.55.bmp,91.36888888888889,15x15
4.551.bmp,91.67555555555556,15x15
4.552.bmp,91.61333333333333,15x15
4.553.bmp,91.99555555555555,15x15
4.554.bmp,92.01777777777778,15x15
4.555.bmp,92.49333333333334,15x15
4.556.bmp,92.53333333333333,15x15
4.557.bmp,92.73333333333333,15x15
4.558.bmp,92.86222222222223,15x15
4.559.bmp,93.28444444444445,15x15
4.56.bmp,93.02222222222223,15x15
4.561.bmp,93.43111111111111,15x15
4.562.bmp,93.44,15x15
4.563.bmp,93.60888888888888,15x15
4.564.bmp,93.55555555555556,15x15
4.565.bmp,93.89777777777778,15x15
4.566.bmp,93.73333333333333,15x15
4.567.bmp,93.99555555555555,15x15
4.568.bmp,93.8488888888889,15x15
4.569.bmp,94.14222222222222,15x15
4.57.bmp,94.2,15x15
4.571.bmp,94.27555555555556,15x15
4.572.bmp,94.33777777777777,15x15
4.573.bmp,94.39555555555556,15x15
4.574.bmp,94.36444444444444,15x15
4.575.bmp,94.23555555555555,15x15
4.576.bmp,94.29777777777778,15x15
4.577.bmp,94.43111111111111,15x15
4.578.bmp,94.4,15x15
4.579.bmp,94.50666666666666,15x15
4.58.bmp,94.45777777777778,15x15
4.581.bmp,94.4088888888889,15x15
4.582.bmp,94.60888888888888,15x15
4.583.bmp,94.69333333333333,15x15
4.584.bmp,94.37333333333333,15x15
4.585.bmp,94.34666666666666,15x15
4.586.bmp,94.28444444444445,15x15
4.587.bmp,94.2311111111111,15x15
4.588.bmp,94.07555555555555,15x15
4.589.bmp,94.24888888888889,15x15
4.59.bmp,94.17333333333333,15x15
4.591.bmp,94.05333333333333,15x15
4.592.bmp,94.19555555555556,15x15
4.593.bmp,94.11111111111111,15x15
4.594.bmp,94.09333333333333,15x15
4.595.bmp,94.07111111111111,15x15
4.596.bmp,93.81777777777778,15x15
4.597.bmp,93.90222222222222,15x15
4.598.bmp,93.7911111111111,15x15
4.599.bmp,93.77333333333333,15x15
4.6.bmp,93.86222222222223,15x15
4.601.bmp,93.73333333333333,15x15
4.602.bmp,93.69333333333333,15x15
4.603.bmp,93.71111111111111,15x15
4.604.bmp,93.67555555555556,15x15
4.605.bmp,93.66666666666667,15x15
4.606.bmp,93.61333333333333,15x15
4.608.bmp,93.77777777777777,15x15
4.61.bmp,93.65333333333334,15x15
4.611.bmp,93.78666666666666,15x15
4.612.bmp,93.98222222222222,15x15
4.613.bmp,94.06666666666666,15x15
4.614.bmp,93.77333333333333,15x15
4.615.bmp,93.92444444444445,15x15
4.616.bmp,94.14666666666666,15x15
4.617.bmp,94.03555555555556,15x15
4.618.bmp,94.2088888888889,15x15
4.619.bmp,94.06222222222222,15x15
4.62.bmp,93.90222222222222,15x15
4.621.bmp,94.18222222222222,15x15
4.622.bmp,94.26666666666667,15x15
4.623.bmp,94.19111111111111,15x15
4.624.bmp,94.24,15x15
4.625.bmp,94.42222222222222,15x15
4.626.bmp,94.32888888888888,15x15
4.627.bmp,94.27555555555556,15x15
4.628.bmp,94.34666666666666,15x15
4.629.bmp,94.26222222222222,15x15
4.63.bmp,94.28,15x15
4.631.bmp,94.36444444444444,15x15
4.632.bmp,94.51555555555555,15x15
4.633.bmp,94.48,15x15
4.634.bmp,94.65333333333334,15x15
4.635.bmp,94.44444444444444,15x15
4.636.bmp,94.38666666666667,15x15
4.637.bmp,94.25333333333333,15x15
4.638.bmp,94.17777777777778,15x15
4.639.bmp,94.12444444444445,15x15
4.64.bmp,94.10222222222222,15x15
4.641.bmp,94.15555555555555,15x15
4.642.bmp,94.04444444444445,15x15
4.643.bmp,93.8711111111111,15x15
4.644.bmp,93.92,15x15
4.645.bmp,93.82666666666667,15x15
4.646.bmp,93.70222222222222,15x15
4.647.bmp,93.68888888888888,15x15
4.648.bmp,93.73333333333333,15x15
4.649.bmp,93.44,15x15
4.65.bmp,93.22222222222223,15x15
4.651.bmp,92.97333333333333,15x15
4.652.bmp,92.89777777777778,15x15
4.653.bmp,92.82222222222222,15x15
4.654.bmp,92.65777777777778,15x15
4.655.bmp,92.53777777777778,15x15
4.656.bmp,92.37777777777778,15x15
4.657.bmp,92.1511111111111,15x15
4.658.bmp,92.06222222222222,15x15
4.659.bmp,91.90222222222222,15x15
4.66.bmp,91.72444444444444,15x15
4.661.bmp,91.5111111111111,15x15
4.662.bmp,91.21777777777778,15x15
4.663.bmp,91.05333333333333,15x15
4.664.bmp,91.03111111111112,15x15
4.665.bmp,90.64,15x15
4.666.bmp,90.39555555555556,15x15
4.667.bmp,90.32444444444444,15x15
4.668.bmp,89.85333333333334,15x15
4.669.bmp,89.62222222222222,15x15
4.67.bmp,89.43111111111111,15x15
4.671.bmp,89.04,15x15
4.672.bmp,88.60888888888888,15x15
4.673.bmp,88.37333333333333,15x15
4.674.bmp,88.06222222222222,15x15
4.675.bmp,87.92444444444445,15x15
4.676.bmp,87.52444444444444,15x15
4.677.bmp,87.32,15x15
4.678.bmp,86.64888888888889,15x15
4.679.bmp,86.44444444444444,15x15
4.68.bmp,86.07111111111111,15x15
4.681.bmp,85.92444444444445,15x15
4.682.bmp,85.56444444444445,15x15
4.683.bmp,84.90222222222222,15x15
4.684.bmp,84.86222222222223,15x15
4.685.bmp,84.32444444444444,15x15
4.686.bmp,84.03555555555556,15x15
4.687.bmp,83.69333333333333,15x15
4.688.bmp,83.10222222222222,15x15
4.689.bmp,82.7911111111111,15x15
4.69.bmp,82.64888888888889,15x15
4.691.bmp,82.0,15x15
4.692.bmp,82.01333333333334,15x15
4.693.bmp,81.30666666666667,15x15
4.694.bmp,81.09777777777778,15x15
4.695.bmp,80.6,15x15
4.696.bmp,80.61333333333333,15x15
4.697.bmp,80.15555555555555,15x15
4.698.bmp,79.32444444444444,15x15
4.699.bmp,79.12,15x15
4.7.bmp,78.83111111111111,15x15
4.701.bmp,78.32888888888888,15x15
4.702.bmp,78.00444444444445,15x15
4.703.bmp,77.70222222222222,15x15
4.704.bmp,77.42222222222222,15x15
4.705.bmp,77.07555555555555,15x15
4.706.bmp,76.44888888888889,15x15
4.707.bmp,76.1511111111111,15x15
4.708.bmp,75.83111111111111,15x15
4.709.bmp,75.29777777777778,15x15
4.71.bmp,75.00444444444445,15x15
4.711.bmp,74.88444444444444,15x15
4.712.bmp,74.44888888888889,15x15
4.713.bmp,74.27111111111111,15x15
4.714.bmp,73.72444444444444,15x15
4.715.bmp,73.61333333333333,15x15
4.716.bmp,73.01777777777778,15x15
4.717.bmp,72.80888888888889,15x15
4.718.bmp,72.44,15x15
4.719.bmp,72.0,15x15
4.72.bmp,72.01333333333334,15x15
4.721.bmp,71.55555555555556,15x15
4.722.bmp,71.28,15x15
4.723.bmp,70.77777777777777,15x15
4.724.bmp,70.68,15x15
4.725.bmp,70.32888888888888,15x15
4.726.bmp,70.01777777777778,15x15
4.727.bmp,69.72888888888889,15x15
4.728.bmp,69.68888888888888,15x15
4.729.bmp,69.35111111111111,15x15
4.73.bmp,68.99555555555555,15x15
4.731.bmp,68.56888888888889,15x15
4.732.bmp,68.32444444444444,15x15
4.733.bmp,68.14666666666666,15x15
4.734.bmp,67.78222222222222,15x15
4.735.bmp,67.5111111111111,15x15
4.736.bmp,67.35111111111111,15x15
4.737.bmp,67.00444444444445,15x15
4.738.bmp,67.01333333333334,15x15
4.739.bmp,66.58222222222223,15x15
4.74.bmp,66.60888888888888,15x15
4.741.bmp,66.42666666666666,15x15
4.742.bmp,66.04,15x15
4.743.bmp,65.98666666666666,15x15
4.744.bmp,65.77333333333333,15x15
4.745.bmp,65.24888888888889,15x15
4.746.bmp,65.19111111111111,15x15
4.747.bmp,65.14222222222222,15x15
4.748.bmp,64.77333333333333,15x15
4.749.bmp,64.8711111111111,15x15
4.75.bmp,64.73777777777778,15x15
4.751.bmp,64.49333333333334,15x15
4.752.bmp,64.39555555555556,15x15
4.753.bmp,64.24,15x15
4.754.bmp,64.12,15x15
4.755.bmp,63.995555555555555,15x15
4.756.bmp,63.80444444444444,15x15
4.757.bmp,63.51111111111111,15x15
4.758.bmp,63.51111111111111,15x15
4.759.bmp,63.2,15x15
4.76.bmp,63.24,15x15
4.761.bmp,63.24888888888889,15x15
4.762.bmp,62.83111111111111,15x15
4.763.bmp,62.82666666666667,15x15
4.764.bmp,62.64888888888889,15x15
4.765.bmp,62.63111111111111,15x15
4.766.bmp,62.51555555555556,15x15
4.767.bmp,62.43555555555555,15x15
4.768.bmp,62.102222222222224,15x15
4.769.bmp,62.257777777777775,15x15
4.77.bmp,61.964444444444446,15x15
4.771.bmp,61.977777777777774,15x15
4.772.bmp,61.742222222222225,15x15
4.773.bmp,61.84888888888889,15x15
4.774.bmp,61.51555555555556,15x15
4.775.bmp,61.626666666666665,15x15
4.776.bmp,61.44888888888889,15x15
4.777.bmp,61.32888888888889,15x15
4.778.bmp,61.07111111111111,15x15
4.779.bmp,61.05777777777778,15x15
4.78.bmp,61.026666666666664,15x15
4.781.bmp,60.91555555555556,15x15
4.782.bmp,60.733333333333334,15x15
4.783.bmp,60.702222222222225,15x15
4.784.bmp,60.66222222222222,15x15
4.785.bmp,60.595555555555556,15x15
4.786.bmp,60.51555555555556,15x15
4.787.bmp,60.37777777777778,15x15
4.788.bmp,60.18666666666667,15x15
4.789.bmp,60.297777777777775,15x15
4.79.bmp,60.333333333333336,15x15
4.791.bmp,60.15555555555556,15x15
4.792.bmp,59.91555555555556,15x15
4.793.bmp,59.89333333333333,15x15
4.794.bmp,59.70666666666666,15x15
4.795.bmp,60.03111111111111,15x15
4.796.bmp,59.71111111111111,15x15
4.797.bmp,59.55111111111111,15x15
4.798.bmp,59.56444444444445,15x15
4.799.bmp,59.431111111111115,15x15
4.8.bmp,59.47555555555556,15x15
4.801.bmp,59.257777777777775,15x15
4.802.bmp,59.471111111111114,15x15
4.803.bmp,59.24888888888889,15x15
4.804.bmp,59.15555555555556,15x15
4.805.bmp,59.13333333333333,15x15
4.806.bmp,59.0,15x15
4.807.bmp,58.995555555555555,15x15
4.808.bmp,58.955555555555556,15x15
4.809.bmp,58.88444444444445,15x15
4.81.bmp,58.742222222222225,15x15
4.811.bmp,58.73777777777778,15x15
4.812.bmp,58.906666666666666,15x15
4.813.bmp,58.72,15x15
4.814.bmp,58.44,15x15
4.815.bmp,58.49333333333333,15x15
4.816.bmp,58.33777777777778,15x15
4.817.bmp,58.29333333333334,15x15
4.818.bmp,58.346666666666664,15x15
4.819.bmp,58.47555555555556,15x15
4.82.bmp,58.062222222222225,15x15
4.821.bmp,58.27111111111111,15x15
4.822.bmp,58.26222222222222,15x15
4.823.bmp,58.12,15x15
4.824.bmp,58.062222222222225,15x15
4.825.bmp,58.23111111111111,15x15
4.826.bmp,58.06666666666667,15x15
4.827.bmp,58.14222222222222,15x15
4.828.bmp,58.0,15x15
4.829.bmp,58.013333333333335,15x15
4.83.bmp,57.87111111111111,15x15
4.831.bmp,57.87555555555556,15x15
4.832.bmp,57.85333333333333,15x15
4.833.bmp,57.84888888888889,15x15
4.834.bmp,57.76,15x15
4.835.bmp,57.79555555555555,15x15
4.836.bmp,57.84444444444444,15x15
4.837.bmp,57.68888888888889,15x15
4.838.bmp,57.58222222222222,15x15
4.839.bmp,57.644444444444446,15x15
4.84.bmp,57.53333333333333,15x15
4.841.bmp,57.684444444444445,15x15
4.842.bmp,57.44888888888889,15x15
4.843.bmp,57.46222222222222,15x15
4.844.bmp,57.64888888888889,15x15
4.845.bmp,57.65777777777778,15x15
4.846.bmp,57.45333333333333,15x15
4.847.bmp,57.39555555555555,15x15
4.848.bmp,57.413333333333334,15x15
4.849.bmp,57.257777777777775,15x15
4.85.bmp,57.44888888888889,15x15
4.851.bmp,57.51111111111111,15x15
4.852.bmp,57.50222222222222,15x15
4.853.bmp,57.29333333333334,15x15
4.854.bmp,57.413333333333334,15x15
4.855.bmp,57.21333333333333,15x15
4.856.bmp,57.333333333333336,15x15
4.857.bmp,57.34222222222222,15x15
4.858.bmp,57.284444444444446,15x15
4.859.bmp,57.31111111111111,15x15
4.86.bmp,57.18666666666667,15x15
4.861.bmp,57.16,15x15
4.862.bmp,57.062222222222225,15x15
4.863.bmp,57.364444444444445,15x15
4.864.bmp,57.18666666666667,15x15
4.865.bmp,57.05777777777778,15x15
4.866.bmp,57.14666666666667,15x15
4.867.bmp,57.24444444444445,15x15
4.868.bmp,57.15111111111111,15x15
4.869.bmp,57.08,15x15
4.87.bmp,57.18666666666667,15x15
4.871.bmp,57.18222222222222,15x15
4.872.bmp,57.22666666666667,15x15
4.873.bmp,57.217777777777776,15x15
4.874.bmp,57.23111111111111,15x15
4.875.bmp,57.15111111111111,15x15
4.876.bmp,57.208888888888886,15x15
4.877.bmp,57.08888888888889,15x15
4.878.bmp,57.16,15x15
4.879.bmp,57.297777777777775,15x15
4.88.bmp,57.03111111111111,15x15
4.881.bmp,57.2,15x15
4.882.bmp,57.24888888888889,15x15
4.883.bmp,57.0,15x15
4.884.bmp,57.23111111111111,15x15
4.885.bmp,57.09777777777778,15x15
4.886.bmp,57.022222222222226,15x15
4.887.bmp,57.08888888888889,15x15
4.888.bmp,57.12444444444444,15x15
4.889.bmp,56.96,15x15
4.89.bmp,57.026666666666664,15x15
4.891.bmp,57.13333333333333,15x15
4.892.bmp,57.111111111111114,15x15
4.893.bmp,56.986666666666665,15x15
4.894.bmp,57.0,15x15
4.895.bmp,57.044444444444444,15x15
4.896.bmp,56.964444444444446,15x15
4.897.bmp,57.18666666666667,15x15
4.898.bmp,56.986666666666665,15x15
4.899.bmp,57.044444444444444,15x15
4.9.bmp,56.96,15x15
4.901.bmp,56.99111111111111,15x15
4.902.bmp,57.0,15x15
4.903.bmp,56.977777777777774,15x15
4.904.bmp,57.11555555555555,15x15
4.905.bmp,57.14222222222222,15x15
4.906.bmp,57.102222222222224,15x15
4.907.bmp,56.96,15x15
4.908.bmp,56.92888888888889,15x15
4.909.bmp,56.906666666666666,15x15
4.91.bmp,56.955555555555556,15x15
4.911.bmp,57.16,15x15
4.912.bmp,57.00888888888889,15x15
4.913.bmp,56.995555555555555,15x15
4.914.bmp,56.906666666666666,15x15
4.915.bmp,57.03111111111111,15x15
4.916.bmp,57.19555555555556,15x15
4.917.bmp,57.05777777777778,15x15
4.918.bmp,57.11555555555555,15x15
4.919.bmp,57.00888888888889,15x15
4.92.bmp,56.85333333333333,15x15
4.921.bmp,57.03111111111111,15x15
4.922.bmp,56.82666666666667,15x15
4.923.bmp,57.022222222222226,15x15
4.924.bmp,56.83555555555556,15x15
4.925.bmp,56.94222222222222,15x15
4.926.bmp,56.995555555555555,15x15
4.927.bmp,56.88,15x15
4.928.bmp,57.04,15x15
4.929.bmp,56.906666666666666,15x15
4.93.bmp,56.897777777777776,15x15
4.931.bmp,56.91555555555556,15x15
4.932.bmp,56.87111111111111,15x15
4.933.bmp,56.888888888888886,15x15
4.934.bmp,56.92,15x15
4.935.bmp,56.742222222222225,15x15
4.936.bmp,56.964444444444446,15x15
4.937.bmp,56.88,15x15
4.938.bmp,56.96888888888889,15x15
4.939.bmp,56.87111111111111,15x15
4.94.bmp,56.83111111111111,15x15
4.941.bmp,56.77333333333333,15x15
4.942.bmp,56.77333333333333,15x15
4.943.bmp,56.937777777777775,15x15
4.944.bmp,56.94222222222222,15x15
4.945.bmp,56.986666666666665,15x15
4.946.bmp,56.80888888888889,15x15
4.947.bmp,56.85777777777778,15x15
4.948.bmp,56.724444444444444,15x15
4.949.bmp,56.82666666666667,15x15
4.95.bmp,56.80888888888889,15x15
4.951.bmp,56.79555555555555,15x15
4.952.bmp,56.72,15x15
4.953.bmp,56.888888888888886,15x15
4.954.bmp,56.88,15x15
4.955.bmp,56.67111111111111,15x15
4.956.bmp,56.906666666666666,15x15
4.957.bmp,56.666666666666664,15x15
4.958.bmp,56.88444444444445,15x15
4.959.bmp,56.782222222222224,15x15
4.96.bmp,56.83111111111111,15x15
4.961.bmp,56.68888888888889,15x15
4.962.bmp,56.702222222222225,15x15
4.963.bmp,56.76888888888889,15x15
4.964.bmp,56.684444444444445,15x15
4.965.bmp,56.733333333333334,15x15
4.966.bmp,56.71111111111111,15x15
4.967.bmp,56.86666666666667,15x15
4.968.bmp,56.635555555555555,15x15
4.969.bmp,56.56444444444445,15x15
4.97.bmp,56.48444444444444,15x15
4.971.bmp,56.67111111111111,15x15
4.972.bmp,56.56444444444445,15x15
4.973.bmp,56.897777777777776,15x15
4.974.bmp,56.733333333333334,15x15
4.975.bmp,56.60888888888889,15x15
4.976.bmp,56.595555555555556,15x15
4.977.bmp,56.55555555555556,15x15
4.978.bmp,56.43555555555555,15x15
4.979.bmp,56.60888888888889,15x15
4.98.bmp,56.675555555555555,15x15
4.981.bmp,56.666666666666664,15x15
4.982.bmp,56.626666666666665,15x15
4.983.bmp,56.66222222222222,15x15
4.984.bmp,56.48444444444444,15x15
4.985.bmp,56.58222222222222,15x15
4.986.bmp,56.53333333333333,15x15
4.987.bmp,56.44444444444444,15x15
4.988.bmp,56.41777777777778,15x15
4.989.bmp,56.471111111111114,15x15
4.99.bmp,56.52,15x15
4.991.bmp,56.50222222222222,15x15
4.992.bmp,56.59111111111111,15x15
4.993.bmp,56.54666666666667,15x15
4.994.bmp,56.4,15x15
4.995.bmp,56.62222222222222,15x15
4.996.bmp,56.61333333333334,15x15
4.997.bmp,56.60888888888889,15x15
4.998.bmp,56.55111111111111,15x15
4.999.bmp,56.733333333333334,15x15
