filepath,filename,gray_value
E:\ftkpic\layerscan\2025-04-16\10-56-11\2.5.bmp,2.5.bmp,82.06293706293707
E:\ftkpic\layerscan\2025-04-16\10-56-11\2.501.bmp,2.501.bmp,81.6993006993007
E:\ftkpic\layerscan\2025-04-16\10-56-11\2.502.bmp,2.502.bmp,82.3076923076923
E:\ftkpic\layerscan\2025-04-16\10-56-11\2.503.bmp,2.503.bmp,82.12587412587412
E:\ftkpic\layerscan\2025-04-16\10-56-11\2.505.bmp,2.505.bmp,81.99300699300699
E:\ftkpic\layerscan\2025-04-16\10-56-11\2.506.bmp,2.506.bmp,82.16783216783217
E:\ftkpic\layerscan\2025-04-16\10-56-11\2.507.bmp,2.507.bmp,81.9020979020979
E:\ftkpic\layerscan\2025-04-16\10-56-11\2.508.bmp,2.508.bmp,82.14685314685315
E:\ftkpic\layerscan\2025-04-16\10-56-11\2.509.bmp,2.509.bmp,81.93706293706293
E:\ftkpic\layerscan\2025-04-16\10-56-11\2.511.bmp,2.511.bmp,81.86713286713287
E:\ftkpic\layerscan\2025-04-16\10-56-11\2.513.bmp,2.513.bmp,81.7972027972028
E:\ftkpic\layerscan\2025-04-16\10-56-11\2.514.bmp,2.514.bmp,82.13286713286713
E:\ftkpic\layerscan\2025-04-16\10-56-11\2.515.bmp,2.515.bmp,82.00699300699301
E:\ftkpic\layerscan\2025-04-16\10-56-11\2.516.bmp,2.516.bmp,82.00699300699301
E:\ftkpic\layerscan\2025-04-16\10-56-11\2.517.bmp,2.517.bmp,82.20979020979021
E:\ftkpic\layerscan\2025-04-16\10-56-11\2.519.bmp,2.519.bmp,81.96503496503496
E:\ftkpic\layerscan\2025-04-16\10-56-11\2.521.bmp,2.521.bmp,82.1118881118881
E:\ftkpic\layerscan\2025-04-16\10-56-11\2.522.bmp,2.522.bmp,81.82517482517483
E:\ftkpic\layerscan\2025-04-16\10-56-11\2.523.bmp,2.523.bmp,81.98601398601399
E:\ftkpic\layerscan\2025-04-16\10-56-11\2.525.bmp,2.525.bmp,82.18881118881119
E:\ftkpic\layerscan\2025-04-16\10-56-11\2.526.bmp,2.526.bmp,82.21678321678321
E:\ftkpic\layerscan\2025-04-16\10-56-11\2.527.bmp,2.527.bmp,81.96503496503496
E:\ftkpic\layerscan\2025-04-16\10-56-11\2.528.bmp,2.528.bmp,81.86013986013987
E:\ftkpic\layerscan\2025-04-16\10-56-11\2.53.bmp,2.53.bmp,81.78321678321679
E:\ftkpic\layerscan\2025-04-16\10-56-11\2.532.bmp,2.532.bmp,82.05594405594405
E:\ftkpic\layerscan\2025-04-16\10-56-11\2.533.bmp,2.533.bmp,82.06993006993007
E:\ftkpic\layerscan\2025-04-16\10-56-11\2.534.bmp,2.534.bmp,81.98601398601399
E:\ftkpic\layerscan\2025-04-16\10-56-11\2.536.bmp,2.536.bmp,82.0909090909091
E:\ftkpic\layerscan\2025-04-16\10-56-11\2.537.bmp,2.537.bmp,82.0909090909091
E:\ftkpic\layerscan\2025-04-16\10-56-11\2.539.bmp,2.539.bmp,81.99300699300699
E:\ftkpic\layerscan\2025-04-16\10-56-11\2.54.bmp,2.54.bmp,82.0909090909091
E:\ftkpic\layerscan\2025-04-16\10-56-11\2.541.bmp,2.541.bmp,81.72027972027972
E:\ftkpic\layerscan\2025-04-16\10-56-11\2.542.bmp,2.542.bmp,81.86713286713287
E:\ftkpic\layerscan\2025-04-16\10-56-11\2.544.bmp,2.544.bmp,82.06993006993007
E:\ftkpic\layerscan\2025-04-16\10-56-11\2.545.bmp,2.545.bmp,82.16083916083916
E:\ftkpic\layerscan\2025-04-16\10-56-11\2.546.bmp,2.546.bmp,82.0
E:\ftkpic\layerscan\2025-04-16\10-56-11\2.548.bmp,2.548.bmp,81.91608391608392
E:\ftkpic\layerscan\2025-04-16\10-56-11\2.549.bmp,2.549.bmp,81.85314685314685
E:\ftkpic\layerscan\2025-04-16\10-56-11\2.55.bmp,2.55.bmp,81.78321678321679
E:\ftkpic\layerscan\2025-04-16\10-56-11\2.552.bmp,2.552.bmp,81.97902097902097
E:\ftkpic\layerscan\2025-04-16\10-56-11\2.553.bmp,2.553.bmp,81.83216783216783
E:\ftkpic\layerscan\2025-04-16\10-56-11\2.554.bmp,2.554.bmp,82.06993006993007
E:\ftkpic\layerscan\2025-04-16\10-56-11\2.555.bmp,2.555.bmp,81.81118881118881
E:\ftkpic\layerscan\2025-04-16\10-56-11\2.556.bmp,2.556.bmp,82.02797202797203
E:\ftkpic\layerscan\2025-04-16\10-56-11\2.558.bmp,2.558.bmp,82.04895104895105
E:\ftkpic\layerscan\2025-04-16\10-56-11\2.56.bmp,2.56.bmp,82.03496503496504
E:\ftkpic\layerscan\2025-04-16\10-56-11\2.561.bmp,2.561.bmp,82.12587412587412
E:\ftkpic\layerscan\2025-04-16\10-56-11\2.562.bmp,2.562.bmp,81.95104895104895
E:\ftkpic\layerscan\2025-04-16\10-56-11\2.563.bmp,2.563.bmp,82.04895104895105
E:\ftkpic\layerscan\2025-04-16\10-56-11\2.564.bmp,2.564.bmp,82.08391608391608
E:\ftkpic\layerscan\2025-04-16\10-56-11\2.565.bmp,2.565.bmp,81.75524475524476
E:\ftkpic\layerscan\2025-04-16\10-56-11\2.566.bmp,2.566.bmp,82.02097902097903
E:\ftkpic\layerscan\2025-04-16\10-56-11\2.567.bmp,2.567.bmp,82.0909090909091
E:\ftkpic\layerscan\2025-04-16\10-56-11\2.568.bmp,2.568.bmp,82.0909090909091
E:\ftkpic\layerscan\2025-04-16\10-56-11\2.569.bmp,2.569.bmp,81.8951048951049
E:\ftkpic\layerscan\2025-04-16\10-56-11\2.57.bmp,2.57.bmp,82.1048951048951
E:\ftkpic\layerscan\2025-04-16\10-56-11\2.571.bmp,2.571.bmp,82.00699300699301
E:\ftkpic\layerscan\2025-04-16\10-56-11\2.573.bmp,2.573.bmp,82.01398601398601
E:\ftkpic\layerscan\2025-04-16\10-56-11\2.575.bmp,2.575.bmp,82.05594405594405
E:\ftkpic\layerscan\2025-04-16\10-56-11\2.577.bmp,2.577.bmp,81.86013986013987
E:\ftkpic\layerscan\2025-04-16\10-56-11\2.578.bmp,2.578.bmp,82.1048951048951
E:\ftkpic\layerscan\2025-04-16\10-56-11\2.579.bmp,2.579.bmp,81.95104895104895
E:\ftkpic\layerscan\2025-04-16\10-56-11\2.58.bmp,2.58.bmp,81.95104895104895
E:\ftkpic\layerscan\2025-04-16\10-56-11\2.581.bmp,2.581.bmp,81.64335664335664
E:\ftkpic\layerscan\2025-04-16\10-56-11\2.583.bmp,2.583.bmp,81.92307692307692
E:\ftkpic\layerscan\2025-04-16\10-56-11\2.584.bmp,2.584.bmp,82.27972027972028
E:\ftkpic\layerscan\2025-04-16\10-56-11\2.585.bmp,2.585.bmp,82.16783216783217
E:\ftkpic\layerscan\2025-04-16\10-56-11\2.587.bmp,2.587.bmp,81.98601398601399
E:\ftkpic\layerscan\2025-04-16\10-56-11\2.588.bmp,2.588.bmp,81.91608391608392
E:\ftkpic\layerscan\2025-04-16\10-56-11\2.589.bmp,2.589.bmp,81.76923076923077
E:\ftkpic\layerscan\2025-04-16\10-56-11\2.59.bmp,2.59.bmp,81.8951048951049
E:\ftkpic\layerscan\2025-04-16\10-56-11\2.592.bmp,2.592.bmp,82.08391608391608
E:\ftkpic\layerscan\2025-04-16\10-56-11\2.593.bmp,2.593.bmp,81.93006993006993
E:\ftkpic\layerscan\2025-04-16\10-56-11\2.594.bmp,2.594.bmp,81.93706293706293
E:\ftkpic\layerscan\2025-04-16\10-56-11\2.595.bmp,2.595.bmp,82.00699300699301
E:\ftkpic\layerscan\2025-04-16\10-56-11\2.596.bmp,2.596.bmp,81.94405594405595
E:\ftkpic\layerscan\2025-04-16\10-56-11\2.598.bmp,2.598.bmp,81.93006993006993
E:\ftkpic\layerscan\2025-04-16\10-56-11\2.599.bmp,2.599.bmp,82.20979020979021
E:\ftkpic\layerscan\2025-04-16\10-56-11\2.6.bmp,2.6.bmp,82.0
E:\ftkpic\layerscan\2025-04-16\10-56-11\2.602.bmp,2.602.bmp,82.12587412587412
E:\ftkpic\layerscan\2025-04-16\10-56-11\2.604.bmp,2.604.bmp,82.04895104895105
E:\ftkpic\layerscan\2025-04-16\10-56-11\2.605.bmp,2.605.bmp,82.02797202797203
E:\ftkpic\layerscan\2025-04-16\10-56-11\2.607.bmp,2.607.bmp,82.0909090909091
E:\ftkpic\layerscan\2025-04-16\10-56-11\2.609.bmp,2.609.bmp,82.2027972027972
E:\ftkpic\layerscan\2025-04-16\10-56-11\2.61.bmp,2.61.bmp,82.15384615384616
E:\ftkpic\layerscan\2025-04-16\10-56-11\2.611.bmp,2.611.bmp,81.75524475524476
E:\ftkpic\layerscan\2025-04-16\10-56-11\2.612.bmp,2.612.bmp,82.17482517482517
E:\ftkpic\layerscan\2025-04-16\10-56-11\2.613.bmp,2.613.bmp,82.2937062937063
E:\ftkpic\layerscan\2025-04-16\10-56-11\2.614.bmp,2.614.bmp,82.05594405594405
E:\ftkpic\layerscan\2025-04-16\10-56-11\2.615.bmp,2.615.bmp,81.95104895104895
E:\ftkpic\layerscan\2025-04-16\10-56-11\2.616.bmp,2.616.bmp,82.04895104895105
E:\ftkpic\layerscan\2025-04-16\10-56-11\2.618.bmp,2.618.bmp,81.91608391608392
E:\ftkpic\layerscan\2025-04-16\10-56-11\2.619.bmp,2.619.bmp,82.01398601398601
E:\ftkpic\layerscan\2025-04-16\10-56-11\2.62.bmp,2.62.bmp,81.95804195804196
E:\ftkpic\layerscan\2025-04-16\10-56-11\2.621.bmp,2.621.bmp,81.91608391608392
E:\ftkpic\layerscan\2025-04-16\10-56-11\2.622.bmp,2.622.bmp,82.34965034965035
E:\ftkpic\layerscan\2025-04-16\10-56-11\2.623.bmp,2.623.bmp,82.1118881118881
E:\ftkpic\layerscan\2025-04-16\10-56-11\2.625.bmp,2.625.bmp,82.39160839160839
E:\ftkpic\layerscan\2025-04-16\10-56-11\2.626.bmp,2.626.bmp,82.18881118881119
E:\ftkpic\layerscan\2025-04-16\10-56-11\2.627.bmp,2.627.bmp,82.31468531468532
E:\ftkpic\layerscan\2025-04-16\10-56-11\2.628.bmp,2.628.bmp,82.18181818181819
E:\ftkpic\layerscan\2025-04-16\10-56-11\2.63.bmp,2.63.bmp,82.2027972027972
E:\ftkpic\layerscan\2025-04-16\10-56-11\2.632.bmp,2.632.bmp,82.13986013986013
E:\ftkpic\layerscan\2025-04-16\10-56-11\2.633.bmp,2.633.bmp,82.43356643356644
E:\ftkpic\layerscan\2025-04-16\10-56-11\2.635.bmp,2.635.bmp,82.61538461538461
E:\ftkpic\layerscan\2025-04-16\10-56-11\2.637.bmp,2.637.bmp,82.4965034965035
E:\ftkpic\layerscan\2025-04-16\10-56-11\2.638.bmp,2.638.bmp,82.39160839160839
E:\ftkpic\layerscan\2025-04-16\10-56-11\2.639.bmp,2.639.bmp,81.98601398601399
E:\ftkpic\layerscan\2025-04-16\10-56-11\2.64.bmp,2.64.bmp,82.44755244755245
E:\ftkpic\layerscan\2025-04-16\10-56-11\2.641.bmp,2.641.bmp,82.45454545454545
E:\ftkpic\layerscan\2025-04-16\10-56-11\2.642.bmp,2.642.bmp,82.3986013986014
E:\ftkpic\layerscan\2025-04-16\10-56-11\2.645.bmp,2.645.bmp,82.04195804195804
E:\ftkpic\layerscan\2025-04-16\10-56-11\2.646.bmp,2.646.bmp,82.2027972027972
E:\ftkpic\layerscan\2025-04-16\10-56-11\2.647.bmp,2.647.bmp,82.41958041958041
E:\ftkpic\layerscan\2025-04-16\10-56-11\2.648.bmp,2.648.bmp,82.33566433566433
E:\ftkpic\layerscan\2025-04-16\10-56-11\2.649.bmp,2.649.bmp,81.95104895104895
E:\ftkpic\layerscan\2025-04-16\10-56-11\2.65.bmp,2.65.bmp,82.18881118881119
E:\ftkpic\layerscan\2025-04-16\10-56-11\2.651.bmp,2.651.bmp,82.36363636363636
E:\ftkpic\layerscan\2025-04-16\10-56-11\2.652.bmp,2.652.bmp,82.24475524475524
E:\ftkpic\layerscan\2025-04-16\10-56-11\2.654.bmp,2.654.bmp,82.25174825174825
E:\ftkpic\layerscan\2025-04-16\10-56-11\2.656.bmp,2.656.bmp,82.3076923076923
E:\ftkpic\layerscan\2025-04-16\10-56-11\2.657.bmp,2.657.bmp,82.16783216783217
E:\ftkpic\layerscan\2025-04-16\10-56-11\2.658.bmp,2.658.bmp,82.2937062937063
E:\ftkpic\layerscan\2025-04-16\10-56-11\2.659.bmp,2.659.bmp,82.1958041958042
E:\ftkpic\layerscan\2025-04-16\10-56-11\2.66.bmp,2.66.bmp,82.1118881118881
E:\ftkpic\layerscan\2025-04-16\10-56-11\2.663.bmp,2.663.bmp,82.46853146853147
E:\ftkpic\layerscan\2025-04-16\10-56-11\2.664.bmp,2.664.bmp,82.53846153846153
E:\ftkpic\layerscan\2025-04-16\10-56-11\2.665.bmp,2.665.bmp,82.2867132867133
E:\ftkpic\layerscan\2025-04-16\10-56-11\2.666.bmp,2.666.bmp,82.4965034965035
E:\ftkpic\layerscan\2025-04-16\10-56-11\2.667.bmp,2.667.bmp,82.25874125874125
E:\ftkpic\layerscan\2025-04-16\10-56-11\2.668.bmp,2.668.bmp,82.65734265734265
E:\ftkpic\layerscan\2025-04-16\10-56-11\2.669.bmp,2.669.bmp,82.68531468531468
E:\ftkpic\layerscan\2025-04-16\10-56-11\2.67.bmp,2.67.bmp,82.51748251748252
E:\ftkpic\layerscan\2025-04-16\10-56-11\2.671.bmp,2.671.bmp,82.74125874125875
E:\ftkpic\layerscan\2025-04-16\10-56-11\2.674.bmp,2.674.bmp,81.98601398601399
E:\ftkpic\layerscan\2025-04-16\10-56-11\2.675.bmp,2.675.bmp,82.21678321678321
E:\ftkpic\layerscan\2025-04-16\10-56-11\2.677.bmp,2.677.bmp,82.4055944055944
E:\ftkpic\layerscan\2025-04-16\10-56-11\2.678.bmp,2.678.bmp,82.2937062937063
E:\ftkpic\layerscan\2025-04-16\10-56-11\2.68.bmp,2.68.bmp,82.4965034965035
E:\ftkpic\layerscan\2025-04-16\10-56-11\2.682.bmp,2.682.bmp,82.55944055944056
E:\ftkpic\layerscan\2025-04-16\10-56-11\2.683.bmp,2.683.bmp,82.60839160839161
E:\ftkpic\layerscan\2025-04-16\10-56-11\2.684.bmp,2.684.bmp,82.57342657342657
E:\ftkpic\layerscan\2025-04-16\10-56-11\2.686.bmp,2.686.bmp,82.34265734265735
E:\ftkpic\layerscan\2025-04-16\10-56-11\2.687.bmp,2.687.bmp,82.51748251748252
E:\ftkpic\layerscan\2025-04-16\10-56-11\2.688.bmp,2.688.bmp,82.3986013986014
E:\ftkpic\layerscan\2025-04-16\10-56-11\2.689.bmp,2.689.bmp,82.44055944055944
E:\ftkpic\layerscan\2025-04-16\10-56-11\2.691.bmp,2.691.bmp,82.58041958041959
E:\ftkpic\layerscan\2025-04-16\10-56-11\2.692.bmp,2.692.bmp,82.3076923076923
E:\ftkpic\layerscan\2025-04-16\10-56-11\2.695.bmp,2.695.bmp,82.48251748251748
E:\ftkpic\layerscan\2025-04-16\10-56-11\2.696.bmp,2.696.bmp,82.54545454545455
E:\ftkpic\layerscan\2025-04-16\10-56-11\2.698.bmp,2.698.bmp,82.24475524475524
E:\ftkpic\layerscan\2025-04-16\10-56-11\2.699.bmp,2.699.bmp,82.86713286713287
E:\ftkpic\layerscan\2025-04-16\10-56-11\2.7.bmp,2.7.bmp,82.6923076923077
E:\ftkpic\layerscan\2025-04-16\10-56-11\2.701.bmp,2.701.bmp,82.78321678321679
E:\ftkpic\layerscan\2025-04-16\10-56-11\2.702.bmp,2.702.bmp,82.25174825174825
E:\ftkpic\layerscan\2025-04-16\10-56-11\2.703.bmp,2.703.bmp,82.61538461538461
E:\ftkpic\layerscan\2025-04-16\10-56-11\2.704.bmp,2.704.bmp,82.82517482517483
E:\ftkpic\layerscan\2025-04-16\10-56-11\2.706.bmp,2.706.bmp,82.47552447552448
E:\ftkpic\layerscan\2025-04-16\10-56-11\2.708.bmp,2.708.bmp,82.6923076923077
E:\ftkpic\layerscan\2025-04-16\10-56-11\2.709.bmp,2.709.bmp,82.37762237762237
E:\ftkpic\layerscan\2025-04-16\10-56-11\2.711.bmp,2.711.bmp,82.45454545454545
E:\ftkpic\layerscan\2025-04-16\10-56-11\2.713.bmp,2.713.bmp,82.61538461538461
E:\ftkpic\layerscan\2025-04-16\10-56-11\2.714.bmp,2.714.bmp,82.72727272727273
E:\ftkpic\layerscan\2025-04-16\10-56-11\2.716.bmp,2.716.bmp,82.48251748251748
E:\ftkpic\layerscan\2025-04-16\10-56-11\2.717.bmp,2.717.bmp,82.36363636363636
E:\ftkpic\layerscan\2025-04-16\10-56-11\2.718.bmp,2.718.bmp,82.72727272727273
E:\ftkpic\layerscan\2025-04-16\10-56-11\2.719.bmp,2.719.bmp,82.4895104895105
E:\ftkpic\layerscan\2025-04-16\10-56-11\2.72.bmp,2.72.bmp,82.64335664335664
E:\ftkpic\layerscan\2025-04-16\10-56-11\2.721.bmp,2.721.bmp,82.5104895104895
E:\ftkpic\layerscan\2025-04-16\10-56-11\2.722.bmp,2.722.bmp,82.55244755244755
E:\ftkpic\layerscan\2025-04-16\10-56-11\2.723.bmp,2.723.bmp,82.52447552447552
E:\ftkpic\layerscan\2025-04-16\10-56-11\2.724.bmp,2.724.bmp,82.45454545454545
E:\ftkpic\layerscan\2025-04-16\10-56-11\2.726.bmp,2.726.bmp,82.52447552447552
E:\ftkpic\layerscan\2025-04-16\10-56-11\2.728.bmp,2.728.bmp,82.52447552447552
E:\ftkpic\layerscan\2025-04-16\10-56-11\2.73.bmp,2.73.bmp,82.35664335664336
E:\ftkpic\layerscan\2025-04-16\10-56-11\2.731.bmp,2.731.bmp,82.60839160839161
E:\ftkpic\layerscan\2025-04-16\10-56-11\2.732.bmp,2.732.bmp,82.48251748251748
E:\ftkpic\layerscan\2025-04-16\10-56-11\2.733.bmp,2.733.bmp,82.55244755244755
E:\ftkpic\layerscan\2025-04-16\10-56-11\2.734.bmp,2.734.bmp,82.34965034965035
E:\ftkpic\layerscan\2025-04-16\10-56-11\2.736.bmp,2.736.bmp,82.5944055944056
E:\ftkpic\layerscan\2025-04-16\10-56-11\2.737.bmp,2.737.bmp,82.5034965034965
E:\ftkpic\layerscan\2025-04-16\10-56-11\2.738.bmp,2.738.bmp,82.3986013986014
E:\ftkpic\layerscan\2025-04-16\10-56-11\2.739.bmp,2.739.bmp,82.26573426573427
E:\ftkpic\layerscan\2025-04-16\10-56-11\2.74.bmp,2.74.bmp,82.18881118881119
E:\ftkpic\layerscan\2025-04-16\10-56-11\2.741.bmp,2.741.bmp,82.31468531468532
E:\ftkpic\layerscan\2025-04-16\10-56-11\2.742.bmp,2.742.bmp,82.44755244755245
E:\ftkpic\layerscan\2025-04-16\10-56-11\2.743.bmp,2.743.bmp,82.18881118881119
E:\ftkpic\layerscan\2025-04-16\10-56-11\2.744.bmp,2.744.bmp,82.11888111888112
E:\ftkpic\layerscan\2025-04-16\10-56-11\2.746.bmp,2.746.bmp,82.37762237762237
E:\ftkpic\layerscan\2025-04-16\10-56-11\2.748.bmp,2.748.bmp,82.33566433566433
E:\ftkpic\layerscan\2025-04-16\10-56-11\2.749.bmp,2.749.bmp,82.25174825174825
E:\ftkpic\layerscan\2025-04-16\10-56-11\2.751.bmp,2.751.bmp,82.58041958041959
E:\ftkpic\layerscan\2025-04-16\10-56-11\2.752.bmp,2.752.bmp,82.42657342657343
E:\ftkpic\layerscan\2025-04-16\10-56-11\2.754.bmp,2.754.bmp,82.4965034965035
E:\ftkpic\layerscan\2025-04-16\10-56-11\2.755.bmp,2.755.bmp,82.4895104895105
E:\ftkpic\layerscan\2025-04-16\10-56-11\2.756.bmp,2.756.bmp,82.34265734265735
E:\ftkpic\layerscan\2025-04-16\10-56-11\2.758.bmp,2.758.bmp,82.21678321678321
E:\ftkpic\layerscan\2025-04-16\10-56-11\2.759.bmp,2.759.bmp,82.24475524475524
E:\ftkpic\layerscan\2025-04-16\10-56-11\2.76.bmp,2.76.bmp,82.39160839160839
E:\ftkpic\layerscan\2025-04-16\10-56-11\2.761.bmp,2.761.bmp,82.46853146853147
E:\ftkpic\layerscan\2025-04-16\10-56-11\2.763.bmp,2.763.bmp,82.43356643356644
E:\ftkpic\layerscan\2025-04-16\10-56-11\2.764.bmp,2.764.bmp,82.5104895104895
E:\ftkpic\layerscan\2025-04-16\10-56-11\2.765.bmp,2.765.bmp,82.51748251748252
E:\ftkpic\layerscan\2025-04-16\10-56-11\2.766.bmp,2.766.bmp,82.65734265734265
E:\ftkpic\layerscan\2025-04-16\10-56-11\2.767.bmp,2.767.bmp,82.46853146853147
E:\ftkpic\layerscan\2025-04-16\10-56-11\2.768.bmp,2.768.bmp,82.55944055944056
E:\ftkpic\layerscan\2025-04-16\10-56-11\2.769.bmp,2.769.bmp,82.44055944055944
E:\ftkpic\layerscan\2025-04-16\10-56-11\2.77.bmp,2.77.bmp,82.33566433566433
E:\ftkpic\layerscan\2025-04-16\10-56-11\2.772.bmp,2.772.bmp,82.44055944055944
E:\ftkpic\layerscan\2025-04-16\10-56-11\2.773.bmp,2.773.bmp,82.54545454545455
E:\ftkpic\layerscan\2025-04-16\10-56-11\2.775.bmp,2.775.bmp,82.81118881118881
E:\ftkpic\layerscan\2025-04-16\10-56-11\2.776.bmp,2.776.bmp,82.81818181818181
E:\ftkpic\layerscan\2025-04-16\10-56-11\2.778.bmp,2.778.bmp,82.61538461538461
E:\ftkpic\layerscan\2025-04-16\10-56-11\2.779.bmp,2.779.bmp,82.6993006993007
E:\ftkpic\layerscan\2025-04-16\10-56-11\2.781.bmp,2.781.bmp,82.93006993006993
E:\ftkpic\layerscan\2025-04-16\10-56-11\2.783.bmp,2.783.bmp,83.37062937062937
E:\ftkpic\layerscan\2025-04-16\10-56-11\2.784.bmp,2.784.bmp,83.14685314685315
E:\ftkpic\layerscan\2025-04-16\10-56-11\2.785.bmp,2.785.bmp,83.13986013986013
E:\ftkpic\layerscan\2025-04-16\10-56-11\2.786.bmp,2.786.bmp,83.12587412587412
E:\ftkpic\layerscan\2025-04-16\10-56-11\2.787.bmp,2.787.bmp,83.25874125874125
E:\ftkpic\layerscan\2025-04-16\10-56-11\2.789.bmp,2.789.bmp,83.16083916083916
E:\ftkpic\layerscan\2025-04-16\10-56-11\2.79.bmp,2.79.bmp,83.14685314685315
E:\ftkpic\layerscan\2025-04-16\10-56-11\2.791.bmp,2.791.bmp,83.26573426573427
E:\ftkpic\layerscan\2025-04-16\10-56-11\2.792.bmp,2.792.bmp,83.23076923076923
E:\ftkpic\layerscan\2025-04-16\10-56-11\2.793.bmp,2.793.bmp,83.27972027972028
E:\ftkpic\layerscan\2025-04-16\10-56-11\2.795.bmp,2.795.bmp,83.1958041958042
E:\ftkpic\layerscan\2025-04-16\10-56-11\2.797.bmp,2.797.bmp,83.33566433566433
E:\ftkpic\layerscan\2025-04-16\10-56-11\2.798.bmp,2.798.bmp,83.4055944055944
E:\ftkpic\layerscan\2025-04-16\10-56-11\2.799.bmp,2.799.bmp,83.61538461538461
E:\ftkpic\layerscan\2025-04-16\10-56-11\2.8.bmp,2.8.bmp,83.67832167832168
E:\ftkpic\layerscan\2025-04-16\10-56-11\2.801.bmp,2.801.bmp,83.58741258741259
E:\ftkpic\layerscan\2025-04-16\10-56-11\2.802.bmp,2.802.bmp,83.72027972027972
E:\ftkpic\layerscan\2025-04-16\10-56-11\2.803.bmp,2.803.bmp,83.55944055944056
E:\ftkpic\layerscan\2025-04-16\10-56-11\2.804.bmp,2.804.bmp,83.9020979020979
E:\ftkpic\layerscan\2025-04-16\10-56-11\2.805.bmp,2.805.bmp,83.57342657342657
E:\ftkpic\layerscan\2025-04-16\10-56-11\2.806.bmp,2.806.bmp,83.81118881118881
E:\ftkpic\layerscan\2025-04-16\10-56-11\2.808.bmp,2.808.bmp,83.97902097902097
E:\ftkpic\layerscan\2025-04-16\10-56-11\2.809.bmp,2.809.bmp,84.14685314685315
E:\ftkpic\layerscan\2025-04-16\10-56-11\2.81.bmp,2.81.bmp,84.34265734265735
E:\ftkpic\layerscan\2025-04-16\10-56-11\2.811.bmp,2.811.bmp,83.99300699300699
E:\ftkpic\layerscan\2025-04-16\10-56-11\2.812.bmp,2.812.bmp,84.13286713286713
E:\ftkpic\layerscan\2025-04-16\10-56-11\2.814.bmp,2.814.bmp,84.41958041958041
E:\ftkpic\layerscan\2025-04-16\10-56-11\2.815.bmp,2.815.bmp,84.55944055944056
E:\ftkpic\layerscan\2025-04-16\10-56-11\2.817.bmp,2.817.bmp,84.48251748251748
E:\ftkpic\layerscan\2025-04-16\10-56-11\2.819.bmp,2.819.bmp,84.62237762237763
E:\ftkpic\layerscan\2025-04-16\10-56-11\2.821.bmp,2.821.bmp,85.06993006993007
E:\ftkpic\layerscan\2025-04-16\10-56-11\2.822.bmp,2.822.bmp,84.65034965034965
E:\ftkpic\layerscan\2025-04-16\10-56-11\2.824.bmp,2.824.bmp,85.04895104895105
E:\ftkpic\layerscan\2025-04-16\10-56-11\2.825.bmp,2.825.bmp,85.1048951048951
E:\ftkpic\layerscan\2025-04-16\10-56-11\2.827.bmp,2.827.bmp,85.25174825174825
E:\ftkpic\layerscan\2025-04-16\10-56-11\2.829.bmp,2.829.bmp,85.32867132867133
E:\ftkpic\layerscan\2025-04-16\10-56-11\2.831.bmp,2.831.bmp,85.46153846153847
E:\ftkpic\layerscan\2025-04-16\10-56-11\2.832.bmp,2.832.bmp,86.15384615384616
E:\ftkpic\layerscan\2025-04-16\10-56-11\2.834.bmp,2.834.bmp,85.86013986013987
E:\ftkpic\layerscan\2025-04-16\10-56-11\2.835.bmp,2.835.bmp,85.94405594405595
E:\ftkpic\layerscan\2025-04-16\10-56-11\2.836.bmp,2.836.bmp,85.95104895104895
E:\ftkpic\layerscan\2025-04-16\10-56-11\2.838.bmp,2.838.bmp,86.24475524475524
E:\ftkpic\layerscan\2025-04-16\10-56-11\2.84.bmp,2.84.bmp,86.22377622377623
E:\ftkpic\layerscan\2025-04-16\10-56-11\2.842.bmp,2.842.bmp,86.26573426573427
E:\ftkpic\layerscan\2025-04-16\10-56-11\2.843.bmp,2.843.bmp,86.52447552447552
E:\ftkpic\layerscan\2025-04-16\10-56-11\2.844.bmp,2.844.bmp,86.60839160839161
E:\ftkpic\layerscan\2025-04-16\10-56-11\2.845.bmp,2.845.bmp,87.06293706293707
E:\ftkpic\layerscan\2025-04-16\10-56-11\2.846.bmp,2.846.bmp,86.97202797202797
E:\ftkpic\layerscan\2025-04-16\10-56-11\2.847.bmp,2.847.bmp,87.06293706293707
E:\ftkpic\layerscan\2025-04-16\10-56-11\2.849.bmp,2.849.bmp,87.13986013986013
E:\ftkpic\layerscan\2025-04-16\10-56-11\2.85.bmp,2.85.bmp,87.41258741258741
E:\ftkpic\layerscan\2025-04-16\10-56-11\2.851.bmp,2.851.bmp,87.43356643356644
E:\ftkpic\layerscan\2025-04-16\10-56-11\2.852.bmp,2.852.bmp,88.13286713286713
E:\ftkpic\layerscan\2025-04-16\10-56-11\2.853.bmp,2.853.bmp,87.97202797202797
E:\ftkpic\layerscan\2025-04-16\10-56-11\2.854.bmp,2.854.bmp,88.5034965034965
E:\ftkpic\layerscan\2025-04-16\10-56-11\2.856.bmp,2.856.bmp,88.26573426573427
E:\ftkpic\layerscan\2025-04-16\10-56-11\2.857.bmp,2.857.bmp,88.9020979020979
E:\ftkpic\layerscan\2025-04-16\10-56-11\2.858.bmp,2.858.bmp,89.14685314685315
E:\ftkpic\layerscan\2025-04-16\10-56-11\2.859.bmp,2.859.bmp,89.35664335664336
E:\ftkpic\layerscan\2025-04-16\10-56-11\2.861.bmp,2.861.bmp,89.27272727272727
E:\ftkpic\layerscan\2025-04-16\10-56-11\2.862.bmp,2.862.bmp,90.06993006993007
E:\ftkpic\layerscan\2025-04-16\10-56-11\2.863.bmp,2.863.bmp,90.23076923076923
E:\ftkpic\layerscan\2025-04-16\10-56-11\2.864.bmp,2.864.bmp,89.84615384615384
E:\ftkpic\layerscan\2025-04-16\10-56-11\2.865.bmp,2.865.bmp,90.33566433566433
E:\ftkpic\layerscan\2025-04-16\10-56-11\2.866.bmp,2.866.bmp,90.22377622377623
E:\ftkpic\layerscan\2025-04-16\10-56-11\2.867.bmp,2.867.bmp,90.41958041958041
E:\ftkpic\layerscan\2025-04-16\10-56-11\2.868.bmp,2.868.bmp,90.72027972027972
E:\ftkpic\layerscan\2025-04-16\10-56-11\2.869.bmp,2.869.bmp,90.42657342657343
E:\ftkpic\layerscan\2025-04-16\10-56-11\2.871.bmp,2.871.bmp,90.67832167832168
E:\ftkpic\layerscan\2025-04-16\10-56-11\2.872.bmp,2.872.bmp,90.74825174825175
E:\ftkpic\layerscan\2025-04-16\10-56-11\2.873.bmp,2.873.bmp,91.27272727272727
E:\ftkpic\layerscan\2025-04-16\10-56-11\2.875.bmp,2.875.bmp,91.77622377622377
E:\ftkpic\layerscan\2025-04-16\10-56-11\2.877.bmp,2.877.bmp,92.1048951048951
E:\ftkpic\layerscan\2025-04-16\10-56-11\2.879.bmp,2.879.bmp,92.32167832167832
E:\ftkpic\layerscan\2025-04-16\10-56-11\2.88.bmp,2.88.bmp,93.02097902097903
E:\ftkpic\layerscan\2025-04-16\10-56-11\2.882.bmp,2.882.bmp,93.4895104895105
E:\ftkpic\layerscan\2025-04-16\10-56-11\2.883.bmp,2.883.bmp,93.85314685314685
E:\ftkpic\layerscan\2025-04-16\10-56-11\2.884.bmp,2.884.bmp,93.93006993006993
E:\ftkpic\layerscan\2025-04-16\10-56-11\2.885.bmp,2.885.bmp,93.93006993006993
E:\ftkpic\layerscan\2025-04-16\10-56-11\2.887.bmp,2.887.bmp,94.64335664335664
E:\ftkpic\layerscan\2025-04-16\10-56-11\2.888.bmp,2.888.bmp,94.91608391608392
E:\ftkpic\layerscan\2025-04-16\10-56-11\2.889.bmp,2.889.bmp,95.24475524475524
E:\ftkpic\layerscan\2025-04-16\10-56-11\2.89.bmp,2.89.bmp,95.58741258741259
E:\ftkpic\layerscan\2025-04-16\10-56-11\2.891.bmp,2.891.bmp,95.98601398601399
E:\ftkpic\layerscan\2025-04-16\10-56-11\2.892.bmp,2.892.bmp,96.0909090909091
E:\ftkpic\layerscan\2025-04-16\10-56-11\2.893.bmp,2.893.bmp,96.55244755244755
E:\ftkpic\layerscan\2025-04-16\10-56-11\2.895.bmp,2.895.bmp,96.97902097902097
E:\ftkpic\layerscan\2025-04-16\10-56-11\2.898.bmp,2.898.bmp,97.7132867132867
E:\ftkpic\layerscan\2025-04-16\10-56-11\2.899.bmp,2.899.bmp,98.35664335664336
E:\ftkpic\layerscan\2025-04-16\10-56-11\2.9.bmp,2.9.bmp,98.72727272727273
E:\ftkpic\layerscan\2025-04-16\10-56-11\2.902.bmp,2.902.bmp,98.62937062937063
E:\ftkpic\layerscan\2025-04-16\10-56-11\2.903.bmp,2.903.bmp,99.02797202797203
E:\ftkpic\layerscan\2025-04-16\10-56-11\2.905.bmp,2.905.bmp,98.86713286713287
E:\ftkpic\layerscan\2025-04-16\10-56-11\2.906.bmp,2.906.bmp,99.9020979020979
E:\ftkpic\layerscan\2025-04-16\10-56-11\2.907.bmp,2.907.bmp,100.13286713286713
E:\ftkpic\layerscan\2025-04-16\10-56-11\2.909.bmp,2.909.bmp,100.04195804195804
E:\ftkpic\layerscan\2025-04-16\10-56-11\2.91.bmp,2.91.bmp,100.36363636363636
E:\ftkpic\layerscan\2025-04-16\10-56-11\2.911.bmp,2.911.bmp,100.62937062937063
E:\ftkpic\layerscan\2025-04-16\10-56-11\2.912.bmp,2.912.bmp,100.6013986013986
E:\ftkpic\layerscan\2025-04-16\10-56-11\2.914.bmp,2.914.bmp,101.5034965034965
E:\ftkpic\layerscan\2025-04-16\10-56-11\2.915.bmp,2.915.bmp,101.81818181818181
E:\ftkpic\layerscan\2025-04-16\10-56-11\2.916.bmp,2.916.bmp,102.23776223776224
E:\ftkpic\layerscan\2025-04-16\10-56-11\2.917.bmp,2.917.bmp,102.92307692307692
E:\ftkpic\layerscan\2025-04-16\10-56-11\2.918.bmp,2.918.bmp,102.9020979020979
E:\ftkpic\layerscan\2025-04-16\10-56-11\2.92.bmp,2.92.bmp,103.6993006993007
E:\ftkpic\layerscan\2025-04-16\10-56-11\2.922.bmp,2.922.bmp,104.04195804195804
E:\ftkpic\layerscan\2025-04-16\10-56-11\2.923.bmp,2.923.bmp,105.58741258741259
E:\ftkpic\layerscan\2025-04-16\10-56-11\2.925.bmp,2.925.bmp,106.3986013986014
E:\ftkpic\layerscan\2025-04-16\10-56-11\2.926.bmp,2.926.bmp,106.78321678321679
E:\ftkpic\layerscan\2025-04-16\10-56-11\2.927.bmp,2.927.bmp,107.41258741258741
E:\ftkpic\layerscan\2025-04-16\10-56-11\2.928.bmp,2.928.bmp,108.20979020979021
E:\ftkpic\layerscan\2025-04-16\10-56-11\2.929.bmp,2.929.bmp,108.76223776223776
E:\ftkpic\layerscan\2025-04-16\10-56-11\2.931.bmp,2.931.bmp,110.34965034965035
E:\ftkpic\layerscan\2025-04-16\10-56-11\2.933.bmp,2.933.bmp,112.05594405594405
E:\ftkpic\layerscan\2025-04-16\10-56-11\2.935.bmp,2.935.bmp,113.84615384615384
E:\ftkpic\layerscan\2025-04-16\10-56-11\2.936.bmp,2.936.bmp,114.61538461538461
E:\ftkpic\layerscan\2025-04-16\10-56-11\2.937.bmp,2.937.bmp,115.6993006993007
E:\ftkpic\layerscan\2025-04-16\10-56-11\2.938.bmp,2.938.bmp,116.33566433566433
E:\ftkpic\layerscan\2025-04-16\10-56-11\2.939.bmp,2.939.bmp,116.93006993006993
E:\ftkpic\layerscan\2025-04-16\10-56-11\2.94.bmp,2.94.bmp,117.81818181818181
E:\ftkpic\layerscan\2025-04-16\10-56-11\2.941.bmp,2.941.bmp,118.96503496503496
E:\ftkpic\layerscan\2025-04-16\10-56-11\2.942.bmp,2.942.bmp,119.62937062937063
E:\ftkpic\layerscan\2025-04-16\10-56-11\2.944.bmp,2.944.bmp,120.51748251748252
E:\ftkpic\layerscan\2025-04-16\10-56-11\2.945.bmp,2.945.bmp,122.2867132867133
E:\ftkpic\layerscan\2025-04-16\10-56-11\2.947.bmp,2.947.bmp,123.44755244755245
E:\ftkpic\layerscan\2025-04-16\10-56-11\2.95.bmp,2.95.bmp,124.6993006993007
E:\ftkpic\layerscan\2025-04-16\10-56-11\2.952.bmp,2.952.bmp,125.8041958041958
E:\ftkpic\layerscan\2025-04-16\10-56-11\2.953.bmp,2.953.bmp,127.4895104895105
E:\ftkpic\layerscan\2025-04-16\10-56-11\2.954.bmp,2.954.bmp,127.32867132867133
E:\ftkpic\layerscan\2025-04-16\10-56-11\2.956.bmp,2.956.bmp,128.2097902097902
E:\ftkpic\layerscan\2025-04-16\10-56-11\2.957.bmp,2.957.bmp,129.37062937062936
E:\ftkpic\layerscan\2025-04-16\10-56-11\2.959.bmp,2.959.bmp,130.07692307692307
E:\ftkpic\layerscan\2025-04-16\10-56-11\2.961.bmp,2.961.bmp,130.8181818181818
E:\ftkpic\layerscan\2025-04-16\10-56-11\2.962.bmp,2.962.bmp,132.62237762237763
E:\ftkpic\layerscan\2025-04-16\10-56-11\2.963.bmp,2.963.bmp,133.4125874125874
E:\ftkpic\layerscan\2025-04-16\10-56-11\2.965.bmp,2.965.bmp,134.15384615384616
E:\ftkpic\layerscan\2025-04-16\10-56-11\2.966.bmp,2.966.bmp,135.48951048951048
E:\ftkpic\layerscan\2025-04-16\10-56-11\2.968.bmp,2.968.bmp,135.65034965034965
E:\ftkpic\layerscan\2025-04-16\10-56-11\2.969.bmp,2.969.bmp,136.32867132867133
E:\ftkpic\layerscan\2025-04-16\10-56-11\2.97.bmp,2.97.bmp,136.54545454545453
E:\ftkpic\layerscan\2025-04-16\10-56-11\2.971.bmp,2.971.bmp,137.0979020979021
E:\ftkpic\layerscan\2025-04-16\10-56-11\2.973.bmp,2.973.bmp,136.9090909090909
E:\ftkpic\layerscan\2025-04-16\10-56-11\2.974.bmp,2.974.bmp,137.54545454545453
E:\ftkpic\layerscan\2025-04-16\10-56-11\2.975.bmp,2.975.bmp,137.41958041958043
E:\ftkpic\layerscan\2025-04-16\10-56-11\2.977.bmp,2.977.bmp,137.86713286713288
E:\ftkpic\layerscan\2025-04-16\10-56-11\2.978.bmp,2.978.bmp,138.2237762237762
E:\ftkpic\layerscan\2025-04-16\10-56-11\2.979.bmp,2.979.bmp,138.47552447552448
E:\ftkpic\layerscan\2025-04-16\10-56-11\2.98.bmp,2.98.bmp,138.6853146853147
E:\ftkpic\layerscan\2025-04-16\10-56-11\2.981.bmp,2.981.bmp,138.55244755244755
E:\ftkpic\layerscan\2025-04-16\10-56-11\2.982.bmp,2.982.bmp,138.5034965034965
E:\ftkpic\layerscan\2025-04-16\10-56-11\2.983.bmp,2.983.bmp,138.3986013986014
E:\ftkpic\layerscan\2025-04-16\10-56-11\2.984.bmp,2.984.bmp,137.8111888111888
E:\ftkpic\layerscan\2025-04-16\10-56-11\2.986.bmp,2.986.bmp,137.96503496503496
E:\ftkpic\layerscan\2025-04-16\10-56-11\2.987.bmp,2.987.bmp,138.1048951048951
E:\ftkpic\layerscan\2025-04-16\10-56-11\2.989.bmp,2.989.bmp,137.1048951048951
E:\ftkpic\layerscan\2025-04-16\10-56-11\2.99.bmp,2.99.bmp,136.35664335664336
E:\ftkpic\layerscan\2025-04-16\10-56-11\2.991.bmp,2.991.bmp,135.62937062937064
E:\ftkpic\layerscan\2025-04-16\10-56-11\2.992.bmp,2.992.bmp,135.98601398601397
E:\ftkpic\layerscan\2025-04-16\10-56-11\2.994.bmp,2.994.bmp,135.5034965034965
E:\ftkpic\layerscan\2025-04-16\10-56-11\2.995.bmp,2.995.bmp,135.2097902097902
E:\ftkpic\layerscan\2025-04-16\10-56-11\2.997.bmp,2.997.bmp,134.14685314685315
E:\ftkpic\layerscan\2025-04-16\10-56-11\2.998.bmp,2.998.bmp,134.04895104895104
E:\ftkpic\layerscan\2025-04-16\10-56-11\2.999.bmp,2.999.bmp,133.7972027972028
E:\ftkpic\layerscan\2025-04-16\10-56-11\3.0.bmp,3.0.bmp,133.5174825174825
E:\ftkpic\layerscan\2025-04-16\10-56-11\3.001.bmp,3.001.bmp,133.5174825174825
E:\ftkpic\layerscan\2025-04-16\10-56-11\3.003.bmp,3.003.bmp,133.15384615384616
E:\ftkpic\layerscan\2025-04-16\10-56-11\3.005.bmp,3.005.bmp,132.76923076923077
E:\ftkpic\layerscan\2025-04-16\10-56-11\3.007.bmp,3.007.bmp,132.44755244755245
E:\ftkpic\layerscan\2025-04-16\10-56-11\3.008.bmp,3.008.bmp,131.51048951048952
E:\ftkpic\layerscan\2025-04-16\10-56-11\3.009.bmp,3.009.bmp,131.83216783216784
E:\ftkpic\layerscan\2025-04-16\10-56-11\3.011.bmp,3.011.bmp,131.43356643356643
E:\ftkpic\layerscan\2025-04-16\10-56-11\3.012.bmp,3.012.bmp,132.006993006993
E:\ftkpic\layerscan\2025-04-16\10-56-11\3.014.bmp,3.014.bmp,131.58041958041957
E:\ftkpic\layerscan\2025-04-16\10-56-11\3.015.bmp,3.015.bmp,131.4965034965035
E:\ftkpic\layerscan\2025-04-16\10-56-11\3.017.bmp,3.017.bmp,131.23776223776224
E:\ftkpic\layerscan\2025-04-16\10-56-11\3.018.bmp,3.018.bmp,132.0909090909091
E:\ftkpic\layerscan\2025-04-16\10-56-11\3.019.bmp,3.019.bmp,131.95104895104896
E:\ftkpic\layerscan\2025-04-16\10-56-11\3.02.bmp,3.02.bmp,132.28671328671328
E:\ftkpic\layerscan\2025-04-16\10-56-11\3.021.bmp,3.021.bmp,132.35664335664336
E:\ftkpic\layerscan\2025-04-16\10-56-11\3.022.bmp,3.022.bmp,132.84615384615384
E:\ftkpic\layerscan\2025-04-16\10-56-11\3.023.bmp,3.023.bmp,132.84615384615384
E:\ftkpic\layerscan\2025-04-16\10-56-11\3.025.bmp,3.025.bmp,133.2937062937063
E:\ftkpic\layerscan\2025-04-16\10-56-11\3.026.bmp,3.026.bmp,133.3846153846154
E:\ftkpic\layerscan\2025-04-16\10-56-11\3.027.bmp,3.027.bmp,133.21678321678323
E:\ftkpic\layerscan\2025-04-16\10-56-11\3.03.bmp,3.03.bmp,134.01398601398603
E:\ftkpic\layerscan\2025-04-16\10-56-11\3.031.bmp,3.031.bmp,134.54545454545453
E:\ftkpic\layerscan\2025-04-16\10-56-11\3.034.bmp,3.034.bmp,135.23076923076923
E:\ftkpic\layerscan\2025-04-16\10-56-11\3.035.bmp,3.035.bmp,136.34265734265733
E:\ftkpic\layerscan\2025-04-16\10-56-11\3.036.bmp,3.036.bmp,136.64335664335664
E:\ftkpic\layerscan\2025-04-16\10-56-11\3.037.bmp,3.037.bmp,137.6083916083916
E:\ftkpic\layerscan\2025-04-16\10-56-11\3.038.bmp,3.038.bmp,137.98601398601397
E:\ftkpic\layerscan\2025-04-16\10-56-11\3.039.bmp,3.039.bmp,138.55944055944056
E:\ftkpic\layerscan\2025-04-16\10-56-11\3.041.bmp,3.041.bmp,139.62237762237763
E:\ftkpic\layerscan\2025-04-16\10-56-11\3.042.bmp,3.042.bmp,140.4825174825175
E:\ftkpic\layerscan\2025-04-16\10-56-11\3.043.bmp,3.043.bmp,140.8041958041958
E:\ftkpic\layerscan\2025-04-16\10-56-11\3.046.bmp,3.046.bmp,141.6993006993007
E:\ftkpic\layerscan\2025-04-16\10-56-11\3.047.bmp,3.047.bmp,143.23776223776224
E:\ftkpic\layerscan\2025-04-16\10-56-11\3.048.bmp,3.048.bmp,143.82517482517483
E:\ftkpic\layerscan\2025-04-16\10-56-11\3.049.bmp,3.049.bmp,144.16083916083917
E:\ftkpic\layerscan\2025-04-16\10-56-11\3.051.bmp,3.051.bmp,145.33566433566435
E:\ftkpic\layerscan\2025-04-16\10-56-11\3.053.bmp,3.053.bmp,145.8881118881119
E:\ftkpic\layerscan\2025-04-16\10-56-11\3.055.bmp,3.055.bmp,145.993006993007
E:\ftkpic\layerscan\2025-04-16\10-56-11\3.057.bmp,3.057.bmp,146.34265734265733
E:\ftkpic\layerscan\2025-04-16\10-56-11\3.059.bmp,3.059.bmp,146.58041958041957
E:\ftkpic\layerscan\2025-04-16\10-56-11\3.06.bmp,3.06.bmp,146.9020979020979
E:\ftkpic\layerscan\2025-04-16\10-56-11\3.061.bmp,3.061.bmp,147.27272727272728
E:\ftkpic\layerscan\2025-04-16\10-56-11\3.062.bmp,3.062.bmp,147.16083916083917
E:\ftkpic\layerscan\2025-04-16\10-56-11\3.063.bmp,3.063.bmp,147.2027972027972
E:\ftkpic\layerscan\2025-04-16\10-56-11\3.064.bmp,3.064.bmp,147.04895104895104
E:\ftkpic\layerscan\2025-04-16\10-56-11\3.065.bmp,3.065.bmp,146.65734265734267
E:\ftkpic\layerscan\2025-04-16\10-56-11\3.066.bmp,3.066.bmp,146.37062937062936
E:\ftkpic\layerscan\2025-04-16\10-56-11\3.067.bmp,3.067.bmp,145.72727272727272
E:\ftkpic\layerscan\2025-04-16\10-56-11\3.07.bmp,3.07.bmp,144.9090909090909
E:\ftkpic\layerscan\2025-04-16\10-56-11\3.071.bmp,3.071.bmp,143.3916083916084
E:\ftkpic\layerscan\2025-04-16\10-56-11\3.073.bmp,3.073.bmp,143.21678321678323
E:\ftkpic\layerscan\2025-04-16\10-56-11\3.074.bmp,3.074.bmp,141.84615384615384
E:\ftkpic\layerscan\2025-04-16\10-56-11\3.076.bmp,3.076.bmp,141.23776223776224
E:\ftkpic\layerscan\2025-04-16\10-56-11\3.077.bmp,3.077.bmp,139.62937062937064
E:\ftkpic\layerscan\2025-04-16\10-56-11\3.078.bmp,3.078.bmp,139.0
E:\ftkpic\layerscan\2025-04-16\10-56-11\3.08.bmp,3.08.bmp,137.63636363636363
E:\ftkpic\layerscan\2025-04-16\10-56-11\3.082.bmp,3.082.bmp,136.2237762237762
E:\ftkpic\layerscan\2025-04-16\10-56-11\3.084.bmp,3.084.bmp,135.16083916083917
E:\ftkpic\layerscan\2025-04-16\10-56-11\3.085.bmp,3.085.bmp,134.3146853146853
E:\ftkpic\layerscan\2025-04-16\10-56-11\3.086.bmp,3.086.bmp,133.82517482517483
E:\ftkpic\layerscan\2025-04-16\10-56-11\3.088.bmp,3.088.bmp,132.4125874125874
E:\ftkpic\layerscan\2025-04-16\10-56-11\3.089.bmp,3.089.bmp,131.69230769230768
E:\ftkpic\layerscan\2025-04-16\10-56-11\3.09.bmp,3.09.bmp,130.55944055944056
E:\ftkpic\layerscan\2025-04-16\10-56-11\3.091.bmp,3.091.bmp,129.45454545454547
E:\ftkpic\layerscan\2025-04-16\10-56-11\3.092.bmp,3.092.bmp,128.95104895104896
E:\ftkpic\layerscan\2025-04-16\10-56-11\3.094.bmp,3.094.bmp,127.41258741258741
E:\ftkpic\layerscan\2025-04-16\10-56-11\3.095.bmp,3.095.bmp,126.34265734265735
E:\ftkpic\layerscan\2025-04-16\10-56-11\3.097.bmp,3.097.bmp,124.92307692307692
E:\ftkpic\layerscan\2025-04-16\10-56-11\3.099.bmp,3.099.bmp,124.06993006993007
E:\ftkpic\layerscan\2025-04-16\10-56-11\3.1.bmp,3.1.bmp,122.3076923076923
E:\ftkpic\layerscan\2025-04-16\10-56-11\3.102.bmp,3.102.bmp,121.06293706293707
E:\ftkpic\layerscan\2025-04-16\10-56-11\3.103.bmp,3.103.bmp,119.81818181818181
E:\ftkpic\layerscan\2025-04-16\10-56-11\3.104.bmp,3.104.bmp,119.83916083916084
E:\ftkpic\layerscan\2025-04-16\10-56-11\3.105.bmp,3.105.bmp,118.79020979020979
E:\ftkpic\layerscan\2025-04-16\10-56-11\3.106.bmp,3.106.bmp,118.17482517482517
E:\ftkpic\layerscan\2025-04-16\10-56-11\3.107.bmp,3.107.bmp,117.67132867132867
E:\ftkpic\layerscan\2025-04-16\10-56-11\3.109.bmp,3.109.bmp,116.04895104895105
E:\ftkpic\layerscan\2025-04-16\10-56-11\3.11.bmp,3.11.bmp,115.0979020979021
E:\ftkpic\layerscan\2025-04-16\10-56-11\3.112.bmp,3.112.bmp,113.02797202797203
E:\ftkpic\layerscan\2025-04-16\10-56-11\3.115.bmp,3.115.bmp,111.79020979020979
E:\ftkpic\layerscan\2025-04-16\10-56-11\3.117.bmp,3.117.bmp,109.72727272727273
E:\ftkpic\layerscan\2025-04-16\10-56-11\3.119.bmp,3.119.bmp,108.2027972027972
E:\ftkpic\layerscan\2025-04-16\10-56-11\3.12.bmp,3.12.bmp,106.67832167832168
E:\ftkpic\layerscan\2025-04-16\10-56-11\3.121.bmp,3.121.bmp,106.0979020979021
E:\ftkpic\layerscan\2025-04-16\10-56-11\3.122.bmp,3.122.bmp,105.33566433566433
E:\ftkpic\layerscan\2025-04-16\10-56-11\3.124.bmp,3.124.bmp,104.45454545454545
E:\ftkpic\layerscan\2025-04-16\10-56-11\3.125.bmp,3.125.bmp,103.21678321678321
E:\ftkpic\layerscan\2025-04-16\10-56-11\3.127.bmp,3.127.bmp,101.45454545454545
E:\ftkpic\layerscan\2025-04-16\10-56-11\3.128.bmp,3.128.bmp,101.46853146853147
E:\ftkpic\layerscan\2025-04-16\10-56-11\3.129.bmp,3.129.bmp,100.95804195804196
E:\ftkpic\layerscan\2025-04-16\10-56-11\3.13.bmp,3.13.bmp,100.65734265734265
E:\ftkpic\layerscan\2025-04-16\10-56-11\3.132.bmp,3.132.bmp,99.48251748251748
E:\ftkpic\layerscan\2025-04-16\10-56-11\3.134.bmp,3.134.bmp,98.76223776223776
E:\ftkpic\layerscan\2025-04-16\10-56-11\3.135.bmp,3.135.bmp,98.0909090909091
E:\ftkpic\layerscan\2025-04-16\10-56-11\3.137.bmp,3.137.bmp,97.2867132867133
E:\ftkpic\layerscan\2025-04-16\10-56-11\3.139.bmp,3.139.bmp,96.42657342657343
E:\ftkpic\layerscan\2025-04-16\10-56-11\3.141.bmp,3.141.bmp,96.1048951048951
E:\ftkpic\layerscan\2025-04-16\10-56-11\3.142.bmp,3.142.bmp,94.95104895104895
E:\ftkpic\layerscan\2025-04-16\10-56-11\3.143.bmp,3.143.bmp,94.32867132867133
E:\ftkpic\layerscan\2025-04-16\10-56-11\3.145.bmp,3.145.bmp,93.0
E:\ftkpic\layerscan\2025-04-16\10-56-11\3.146.bmp,3.146.bmp,92.41958041958041
E:\ftkpic\layerscan\2025-04-16\10-56-11\3.147.bmp,3.147.bmp,91.81818181818181
E:\ftkpic\layerscan\2025-04-16\10-56-11\3.148.bmp,3.148.bmp,91.3006993006993
E:\ftkpic\layerscan\2025-04-16\10-56-11\3.149.bmp,3.149.bmp,91.38461538461539
E:\ftkpic\layerscan\2025-04-16\10-56-11\3.15.bmp,3.15.bmp,90.82517482517483
E:\ftkpic\layerscan\2025-04-16\10-56-11\3.151.bmp,3.151.bmp,90.3986013986014
E:\ftkpic\layerscan\2025-04-16\10-56-11\3.152.bmp,3.152.bmp,90.32867132867133
E:\ftkpic\layerscan\2025-04-16\10-56-11\3.154.bmp,3.154.bmp,90.2027972027972
E:\ftkpic\layerscan\2025-04-16\10-56-11\3.155.bmp,3.155.bmp,89.13286713286713
E:\ftkpic\layerscan\2025-04-16\10-56-11\3.156.bmp,3.156.bmp,89.00699300699301
E:\ftkpic\layerscan\2025-04-16\10-56-11\3.157.bmp,3.157.bmp,88.58741258741259
E:\ftkpic\layerscan\2025-04-16\10-56-11\3.158.bmp,3.158.bmp,88.6013986013986
E:\ftkpic\layerscan\2025-04-16\10-56-11\3.16.bmp,3.16.bmp,87.62937062937063
E:\ftkpic\layerscan\2025-04-16\10-56-11\3.161.bmp,3.161.bmp,87.6013986013986
E:\ftkpic\layerscan\2025-04-16\10-56-11\3.162.bmp,3.162.bmp,87.36363636363636
E:\ftkpic\layerscan\2025-04-16\10-56-11\3.163.bmp,3.163.bmp,87.17482517482517
E:\ftkpic\layerscan\2025-04-16\10-56-11\3.164.bmp,3.164.bmp,86.7062937062937
E:\ftkpic\layerscan\2025-04-16\10-56-11\3.165.bmp,3.165.bmp,86.81118881118881
E:\ftkpic\layerscan\2025-04-16\10-56-11\3.168.bmp,3.168.bmp,86.43356643356644
E:\ftkpic\layerscan\2025-04-16\10-56-11\3.169.bmp,3.169.bmp,86.16783216783217
E:\ftkpic\layerscan\2025-04-16\10-56-11\3.171.bmp,3.171.bmp,86.04195804195804
E:\ftkpic\layerscan\2025-04-16\10-56-11\3.172.bmp,3.172.bmp,85.65734265734265
E:\ftkpic\layerscan\2025-04-16\10-56-11\3.173.bmp,3.173.bmp,85.46153846153847
E:\ftkpic\layerscan\2025-04-16\10-56-11\3.174.bmp,3.174.bmp,85.42657342657343
E:\ftkpic\layerscan\2025-04-16\10-56-11\3.176.bmp,3.176.bmp,84.97902097902097
E:\ftkpic\layerscan\2025-04-16\10-56-11\3.178.bmp,3.178.bmp,84.7132867132867
E:\ftkpic\layerscan\2025-04-16\10-56-11\3.179.bmp,3.179.bmp,84.37762237762237
E:\ftkpic\layerscan\2025-04-16\10-56-11\3.181.bmp,3.181.bmp,84.12587412587412
E:\ftkpic\layerscan\2025-04-16\10-56-11\3.182.bmp,3.182.bmp,83.8041958041958
E:\ftkpic\layerscan\2025-04-16\10-56-11\3.183.bmp,3.183.bmp,83.7132867132867
E:\ftkpic\layerscan\2025-04-16\10-56-11\3.184.bmp,3.184.bmp,83.7132867132867
E:\ftkpic\layerscan\2025-04-16\10-56-11\3.185.bmp,3.185.bmp,83.32167832167832
E:\ftkpic\layerscan\2025-04-16\10-56-11\3.186.bmp,3.186.bmp,83.0909090909091
E:\ftkpic\layerscan\2025-04-16\10-56-11\3.187.bmp,3.187.bmp,83.14685314685315
E:\ftkpic\layerscan\2025-04-16\10-56-11\3.189.bmp,3.189.bmp,83.00699300699301
E:\ftkpic\layerscan\2025-04-16\10-56-11\3.19.bmp,3.19.bmp,82.25174825174825
E:\ftkpic\layerscan\2025-04-16\10-56-11\3.191.bmp,3.191.bmp,82.33566433566433
E:\ftkpic\layerscan\2025-04-16\10-56-11\3.192.bmp,3.192.bmp,82.37062937062937
E:\ftkpic\layerscan\2025-04-16\10-56-11\3.193.bmp,3.193.bmp,82.01398601398601
E:\ftkpic\layerscan\2025-04-16\10-56-11\3.195.bmp,3.195.bmp,81.92307692307692
E:\ftkpic\layerscan\2025-04-16\10-56-11\3.196.bmp,3.196.bmp,81.6013986013986
E:\ftkpic\layerscan\2025-04-16\10-56-11\3.197.bmp,3.197.bmp,81.5034965034965
E:\ftkpic\layerscan\2025-04-16\10-56-11\3.198.bmp,3.198.bmp,81.62237762237763
E:\ftkpic\layerscan\2025-04-16\10-56-11\3.199.bmp,3.199.bmp,81.5944055944056
E:\ftkpic\layerscan\2025-04-16\10-56-11\3.201.bmp,3.201.bmp,81.01398601398601
E:\ftkpic\layerscan\2025-04-16\10-56-11\3.203.bmp,3.203.bmp,80.94405594405595
E:\ftkpic\layerscan\2025-04-16\10-56-11\3.205.bmp,3.205.bmp,80.98601398601399
E:\ftkpic\layerscan\2025-04-16\10-56-11\3.206.bmp,3.206.bmp,80.63636363636364
E:\ftkpic\layerscan\2025-04-16\10-56-11\3.209.bmp,3.209.bmp,80.55944055944056
E:\ftkpic\layerscan\2025-04-16\10-56-11\3.21.bmp,3.21.bmp,80.5104895104895
E:\ftkpic\layerscan\2025-04-16\10-56-11\3.212.bmp,3.212.bmp,80.15384615384616
E:\ftkpic\layerscan\2025-04-16\10-56-11\3.213.bmp,3.213.bmp,79.93006993006993
E:\ftkpic\layerscan\2025-04-16\10-56-11\3.214.bmp,3.214.bmp,79.68531468531468
E:\ftkpic\layerscan\2025-04-16\10-56-11\3.216.bmp,3.216.bmp,79.4965034965035
E:\ftkpic\layerscan\2025-04-16\10-56-11\3.218.bmp,3.218.bmp,79.5944055944056
E:\ftkpic\layerscan\2025-04-16\10-56-11\3.22.bmp,3.22.bmp,79.35664335664336
E:\ftkpic\layerscan\2025-04-16\10-56-11\3.221.bmp,3.221.bmp,79.4895104895105
E:\ftkpic\layerscan\2025-04-16\10-56-11\3.222.bmp,3.222.bmp,79.26573426573427
E:\ftkpic\layerscan\2025-04-16\10-56-11\3.224.bmp,3.224.bmp,78.86013986013987
E:\ftkpic\layerscan\2025-04-16\10-56-11\3.226.bmp,3.226.bmp,79.04195804195804
E:\ftkpic\layerscan\2025-04-16\10-56-11\3.227.bmp,3.227.bmp,78.87412587412588
E:\ftkpic\layerscan\2025-04-16\10-56-11\3.229.bmp,3.229.bmp,78.73426573426573
E:\ftkpic\layerscan\2025-04-16\10-56-11\3.23.bmp,3.23.bmp,78.72027972027972
E:\ftkpic\layerscan\2025-04-16\10-56-11\3.231.bmp,3.231.bmp,78.55944055944056
E:\ftkpic\layerscan\2025-04-16\10-56-11\3.232.bmp,3.232.bmp,78.39160839160839
E:\ftkpic\layerscan\2025-04-16\10-56-11\3.233.bmp,3.233.bmp,78.39160839160839
E:\ftkpic\layerscan\2025-04-16\10-56-11\3.235.bmp,3.235.bmp,78.44755244755245
E:\ftkpic\layerscan\2025-04-16\10-56-11\3.236.bmp,3.236.bmp,78.07692307692308
E:\ftkpic\layerscan\2025-04-16\10-56-11\3.238.bmp,3.238.bmp,78.21678321678321
E:\ftkpic\layerscan\2025-04-16\10-56-11\3.239.bmp,3.239.bmp,77.67832167832168
E:\ftkpic\layerscan\2025-04-16\10-56-11\3.241.bmp,3.241.bmp,77.7132867132867
E:\ftkpic\layerscan\2025-04-16\10-56-11\3.242.bmp,3.242.bmp,77.6013986013986
E:\ftkpic\layerscan\2025-04-16\10-56-11\3.244.bmp,3.244.bmp,77.67832167832168
E:\ftkpic\layerscan\2025-04-16\10-56-11\3.246.bmp,3.246.bmp,77.79020979020979
E:\ftkpic\layerscan\2025-04-16\10-56-11\3.247.bmp,3.247.bmp,77.53846153846153
E:\ftkpic\layerscan\2025-04-16\10-56-11\3.248.bmp,3.248.bmp,77.78321678321679
E:\ftkpic\layerscan\2025-04-16\10-56-11\3.249.bmp,3.249.bmp,77.48251748251748
E:\ftkpic\layerscan\2025-04-16\10-56-11\3.252.bmp,3.252.bmp,77.13286713286713
E:\ftkpic\layerscan\2025-04-16\10-56-11\3.253.bmp,3.253.bmp,77.24475524475524
E:\ftkpic\layerscan\2025-04-16\10-56-11\3.254.bmp,3.254.bmp,77.08391608391608
E:\ftkpic\layerscan\2025-04-16\10-56-11\3.255.bmp,3.255.bmp,77.02797202797203
E:\ftkpic\layerscan\2025-04-16\10-56-11\3.256.bmp,3.256.bmp,76.97902097902097
E:\ftkpic\layerscan\2025-04-16\10-56-11\3.258.bmp,3.258.bmp,76.72027972027972
E:\ftkpic\layerscan\2025-04-16\10-56-11\3.259.bmp,3.259.bmp,76.85314685314685
E:\ftkpic\layerscan\2025-04-16\10-56-11\3.26.bmp,3.26.bmp,76.57342657342657
E:\ftkpic\layerscan\2025-04-16\10-56-11\3.261.bmp,3.261.bmp,76.81818181818181
E:\ftkpic\layerscan\2025-04-16\10-56-11\3.262.bmp,3.262.bmp,76.43356643356644
E:\ftkpic\layerscan\2025-04-16\10-56-11\3.263.bmp,3.263.bmp,76.8041958041958
E:\ftkpic\layerscan\2025-04-16\10-56-11\3.265.bmp,3.265.bmp,76.63636363636364
E:\ftkpic\layerscan\2025-04-16\10-56-11\3.266.bmp,3.266.bmp,76.48251748251748
E:\ftkpic\layerscan\2025-04-16\10-56-11\3.268.bmp,3.268.bmp,76.27972027972028
E:\ftkpic\layerscan\2025-04-16\10-56-11\3.269.bmp,3.269.bmp,76.27272727272727
E:\ftkpic\layerscan\2025-04-16\10-56-11\3.27.bmp,3.27.bmp,76.27972027972028
E:\ftkpic\layerscan\2025-04-16\10-56-11\3.273.bmp,3.273.bmp,76.20979020979021
E:\ftkpic\layerscan\2025-04-16\10-56-11\3.274.bmp,3.274.bmp,75.76923076923077
E:\ftkpic\layerscan\2025-04-16\10-56-11\3.275.bmp,3.275.bmp,76.16783216783217
E:\ftkpic\layerscan\2025-04-16\10-56-11\3.276.bmp,3.276.bmp,76.08391608391608
E:\ftkpic\layerscan\2025-04-16\10-56-11\3.277.bmp,3.277.bmp,75.86013986013987
E:\ftkpic\layerscan\2025-04-16\10-56-11\3.278.bmp,3.278.bmp,76.02797202797203
E:\ftkpic\layerscan\2025-04-16\10-56-11\3.279.bmp,3.279.bmp,75.9090909090909
E:\ftkpic\layerscan\2025-04-16\10-56-11\3.28.bmp,3.28.bmp,75.53846153846153
E:\ftkpic\layerscan\2025-04-16\10-56-11\3.281.bmp,3.281.bmp,75.91608391608392
E:\ftkpic\layerscan\2025-04-16\10-56-11\3.282.bmp,3.282.bmp,75.68531468531468
E:\ftkpic\layerscan\2025-04-16\10-56-11\3.284.bmp,3.284.bmp,75.92307692307692
E:\ftkpic\layerscan\2025-04-16\10-56-11\3.285.bmp,3.285.bmp,75.65034965034965
E:\ftkpic\layerscan\2025-04-16\10-56-11\3.286.bmp,3.286.bmp,75.64335664335664
E:\ftkpic\layerscan\2025-04-16\10-56-11\3.288.bmp,3.288.bmp,75.46153846153847
E:\ftkpic\layerscan\2025-04-16\10-56-11\3.289.bmp,3.289.bmp,75.48251748251748
E:\ftkpic\layerscan\2025-04-16\10-56-11\3.29.bmp,3.29.bmp,75.6013986013986
E:\ftkpic\layerscan\2025-04-16\10-56-11\3.292.bmp,3.292.bmp,75.37062937062937
E:\ftkpic\layerscan\2025-04-16\10-56-11\3.293.bmp,3.293.bmp,75.47552447552448
E:\ftkpic\layerscan\2025-04-16\10-56-11\3.295.bmp,3.295.bmp,75.43356643356644
E:\ftkpic\layerscan\2025-04-16\10-56-11\3.296.bmp,3.296.bmp,75.11888111888112
E:\ftkpic\layerscan\2025-04-16\10-56-11\3.298.bmp,3.298.bmp,75.27972027972028
E:\ftkpic\layerscan\2025-04-16\10-56-11\3.299.bmp,3.299.bmp,75.27972027972028
E:\ftkpic\layerscan\2025-04-16\10-56-11\3.301.bmp,3.301.bmp,74.97902097902097
E:\ftkpic\layerscan\2025-04-16\10-56-11\3.303.bmp,3.303.bmp,74.98601398601399
E:\ftkpic\layerscan\2025-04-16\10-56-11\3.304.bmp,3.304.bmp,75.21678321678321
E:\ftkpic\layerscan\2025-04-16\10-56-11\3.305.bmp,3.305.bmp,74.76923076923077
E:\ftkpic\layerscan\2025-04-16\10-56-11\3.306.bmp,3.306.bmp,74.72727272727273
E:\ftkpic\layerscan\2025-04-16\10-56-11\3.307.bmp,3.307.bmp,74.67132867132867
E:\ftkpic\layerscan\2025-04-16\10-56-11\3.309.bmp,3.309.bmp,74.8881118881119
E:\ftkpic\layerscan\2025-04-16\10-56-11\3.31.bmp,3.31.bmp,74.95104895104895
E:\ftkpic\layerscan\2025-04-16\10-56-11\3.313.bmp,3.313.bmp,74.95804195804196
E:\ftkpic\layerscan\2025-04-16\10-56-11\3.314.bmp,3.314.bmp,74.66433566433567
E:\ftkpic\layerscan\2025-04-16\10-56-11\3.315.bmp,3.315.bmp,74.53846153846153
E:\ftkpic\layerscan\2025-04-16\10-56-11\3.317.bmp,3.317.bmp,74.74125874125875
E:\ftkpic\layerscan\2025-04-16\10-56-11\3.318.bmp,3.318.bmp,74.77622377622377
E:\ftkpic\layerscan\2025-04-16\10-56-11\3.319.bmp,3.319.bmp,74.78321678321679
E:\ftkpic\layerscan\2025-04-16\10-56-11\3.321.bmp,3.321.bmp,74.57342657342657
E:\ftkpic\layerscan\2025-04-16\10-56-11\3.322.bmp,3.322.bmp,74.55244755244755
E:\ftkpic\layerscan\2025-04-16\10-56-11\3.323.bmp,3.323.bmp,74.18181818181819
E:\ftkpic\layerscan\2025-04-16\10-56-11\3.325.bmp,3.325.bmp,74.36363636363636
E:\ftkpic\layerscan\2025-04-16\10-56-11\3.326.bmp,3.326.bmp,74.18181818181819
E:\ftkpic\layerscan\2025-04-16\10-56-11\3.328.bmp,3.328.bmp,74.04895104895105
E:\ftkpic\layerscan\2025-04-16\10-56-11\3.329.bmp,3.329.bmp,73.93706293706293
E:\ftkpic\layerscan\2025-04-16\10-56-11\3.33.bmp,3.33.bmp,74.0
E:\ftkpic\layerscan\2025-04-16\10-56-11\3.332.bmp,3.332.bmp,74.0
E:\ftkpic\layerscan\2025-04-16\10-56-11\3.333.bmp,3.333.bmp,74.13286713286713
E:\ftkpic\layerscan\2025-04-16\10-56-11\3.334.bmp,3.334.bmp,74.16083916083916
E:\ftkpic\layerscan\2025-04-16\10-56-11\3.336.bmp,3.336.bmp,74.11888111888112
E:\ftkpic\layerscan\2025-04-16\10-56-11\3.337.bmp,3.337.bmp,73.86713286713287
E:\ftkpic\layerscan\2025-04-16\10-56-11\3.338.bmp,3.338.bmp,73.95804195804196
E:\ftkpic\layerscan\2025-04-16\10-56-11\3.339.bmp,3.339.bmp,74.20979020979021
E:\ftkpic\layerscan\2025-04-16\10-56-11\3.34.bmp,3.34.bmp,73.62937062937063
E:\ftkpic\layerscan\2025-04-16\10-56-11\3.341.bmp,3.341.bmp,73.6013986013986
E:\ftkpic\layerscan\2025-04-16\10-56-11\3.342.bmp,3.342.bmp,73.8041958041958
E:\ftkpic\layerscan\2025-04-16\10-56-11\3.343.bmp,3.343.bmp,73.74125874125875
E:\ftkpic\layerscan\2025-04-16\10-56-11\3.344.bmp,3.344.bmp,73.83216783216783
E:\ftkpic\layerscan\2025-04-16\10-56-11\3.345.bmp,3.345.bmp,73.67132867132867
E:\ftkpic\layerscan\2025-04-16\10-56-11\3.347.bmp,3.347.bmp,73.86713286713287
E:\ftkpic\layerscan\2025-04-16\10-56-11\3.349.bmp,3.349.bmp,73.6993006993007
E:\ftkpic\layerscan\2025-04-16\10-56-11\3.351.bmp,3.351.bmp,73.83916083916084
E:\ftkpic\layerscan\2025-04-16\10-56-11\3.352.bmp,3.352.bmp,73.86013986013987
E:\ftkpic\layerscan\2025-04-16\10-56-11\3.353.bmp,3.353.bmp,73.62237762237763
E:\ftkpic\layerscan\2025-04-16\10-56-11\3.354.bmp,3.354.bmp,73.5104895104895
E:\ftkpic\layerscan\2025-04-16\10-56-11\3.356.bmp,3.356.bmp,73.3986013986014
E:\ftkpic\layerscan\2025-04-16\10-56-11\3.358.bmp,3.358.bmp,73.47552447552448
E:\ftkpic\layerscan\2025-04-16\10-56-11\3.359.bmp,3.359.bmp,73.65034965034965
E:\ftkpic\layerscan\2025-04-16\10-56-11\3.36.bmp,3.36.bmp,73.16083916083916
E:\ftkpic\layerscan\2025-04-16\10-56-11\3.362.bmp,3.362.bmp,73.27972027972028
E:\ftkpic\layerscan\2025-04-16\10-56-11\3.364.bmp,3.364.bmp,73.24475524475524
E:\ftkpic\layerscan\2025-04-16\10-56-11\3.365.bmp,3.365.bmp,73.41258741258741
E:\ftkpic\layerscan\2025-04-16\10-56-11\3.366.bmp,3.366.bmp,73.51748251748252
E:\ftkpic\layerscan\2025-04-16\10-56-11\3.367.bmp,3.367.bmp,73.32167832167832
E:\ftkpic\layerscan\2025-04-16\10-56-11\3.369.bmp,3.369.bmp,73.13986013986013
E:\ftkpic\layerscan\2025-04-16\10-56-11\3.37.bmp,3.37.bmp,73.16083916083916
E:\ftkpic\layerscan\2025-04-16\10-56-11\3.372.bmp,3.372.bmp,73.3006993006993
E:\ftkpic\layerscan\2025-04-16\10-56-11\3.373.bmp,3.373.bmp,73.23076923076923
E:\ftkpic\layerscan\2025-04-16\10-56-11\3.374.bmp,3.374.bmp,73.16783216783217
E:\ftkpic\layerscan\2025-04-16\10-56-11\3.375.bmp,3.375.bmp,73.21678321678321
E:\ftkpic\layerscan\2025-04-16\10-56-11\3.376.bmp,3.376.bmp,73.14685314685315
E:\ftkpic\layerscan\2025-04-16\10-56-11\3.378.bmp,3.378.bmp,73.02797202797203
E:\ftkpic\layerscan\2025-04-16\10-56-11\3.379.bmp,3.379.bmp,73.1048951048951
E:\ftkpic\layerscan\2025-04-16\10-56-11\3.38.bmp,3.38.bmp,73.42657342657343
E:\ftkpic\layerscan\2025-04-16\10-56-11\3.382.bmp,3.382.bmp,73.11888111888112
E:\ftkpic\layerscan\2025-04-16\10-56-11\3.384.bmp,3.384.bmp,72.8041958041958
E:\ftkpic\layerscan\2025-04-16\10-56-11\3.385.bmp,3.385.bmp,73.1118881118881
E:\ftkpic\layerscan\2025-04-16\10-56-11\3.387.bmp,3.387.bmp,73.0
E:\ftkpic\layerscan\2025-04-16\10-56-11\3.388.bmp,3.388.bmp,72.97902097902097
E:\ftkpic\layerscan\2025-04-16\10-56-11\3.391.bmp,3.391.bmp,72.88111888111888
E:\ftkpic\layerscan\2025-04-16\10-56-11\3.392.bmp,3.392.bmp,72.95104895104895
E:\ftkpic\layerscan\2025-04-16\10-56-11\3.394.bmp,3.394.bmp,72.97202797202797
E:\ftkpic\layerscan\2025-04-16\10-56-11\3.395.bmp,3.395.bmp,72.93706293706293
E:\ftkpic\layerscan\2025-04-16\10-56-11\3.397.bmp,3.397.bmp,72.78321678321679
E:\ftkpic\layerscan\2025-04-16\10-56-11\3.398.bmp,3.398.bmp,72.76923076923077
E:\ftkpic\layerscan\2025-04-16\10-56-11\3.399.bmp,3.399.bmp,72.95804195804196
E:\ftkpic\layerscan\2025-04-16\10-56-11\3.4.bmp,3.4.bmp,72.65734265734265
E:\ftkpic\layerscan\2025-04-16\10-56-11\3.403.bmp,3.403.bmp,72.75524475524476
E:\ftkpic\layerscan\2025-04-16\10-56-11\3.404.bmp,3.404.bmp,72.60839160839161
E:\ftkpic\layerscan\2025-04-16\10-56-11\3.406.bmp,3.406.bmp,72.6923076923077
E:\ftkpic\layerscan\2025-04-16\10-56-11\3.407.bmp,3.407.bmp,72.57342657342657
E:\ftkpic\layerscan\2025-04-16\10-56-11\3.409.bmp,3.409.bmp,72.78321678321679
E:\ftkpic\layerscan\2025-04-16\10-56-11\3.411.bmp,3.411.bmp,72.73426573426573
E:\ftkpic\layerscan\2025-04-16\10-56-11\3.412.bmp,3.412.bmp,72.35664335664336
E:\ftkpic\layerscan\2025-04-16\10-56-11\3.414.bmp,3.414.bmp,72.55244755244755
E:\ftkpic\layerscan\2025-04-16\10-56-11\3.415.bmp,3.415.bmp,72.46853146853147
E:\ftkpic\layerscan\2025-04-16\10-56-11\3.416.bmp,3.416.bmp,72.34965034965035
E:\ftkpic\layerscan\2025-04-16\10-56-11\3.417.bmp,3.417.bmp,72.47552447552448
E:\ftkpic\layerscan\2025-04-16\10-56-11\3.419.bmp,3.419.bmp,72.67832167832168
E:\ftkpic\layerscan\2025-04-16\10-56-11\3.42.bmp,3.42.bmp,72.45454545454545
E:\ftkpic\layerscan\2025-04-16\10-56-11\3.421.bmp,3.421.bmp,72.4055944055944
E:\ftkpic\layerscan\2025-04-16\10-56-11\3.422.bmp,3.422.bmp,72.32167832167832
E:\ftkpic\layerscan\2025-04-16\10-56-11\3.423.bmp,3.423.bmp,72.25174825174825
E:\ftkpic\layerscan\2025-04-16\10-56-11\3.425.bmp,3.425.bmp,72.43356643356644
E:\ftkpic\layerscan\2025-04-16\10-56-11\3.426.bmp,3.426.bmp,72.55944055944056
E:\ftkpic\layerscan\2025-04-16\10-56-11\3.427.bmp,3.427.bmp,72.22377622377623
E:\ftkpic\layerscan\2025-04-16\10-56-11\3.429.bmp,3.429.bmp,72.43356643356644
E:\ftkpic\layerscan\2025-04-16\10-56-11\3.43.bmp,3.43.bmp,72.1958041958042
E:\ftkpic\layerscan\2025-04-16\10-56-11\3.431.bmp,3.431.bmp,72.3986013986014
E:\ftkpic\layerscan\2025-04-16\10-56-11\3.432.bmp,3.432.bmp,72.2937062937063
E:\ftkpic\layerscan\2025-04-16\10-56-11\3.433.bmp,3.433.bmp,72.06293706293707
E:\ftkpic\layerscan\2025-04-16\10-56-11\3.435.bmp,3.435.bmp,72.16083916083916
E:\ftkpic\layerscan\2025-04-16\10-56-11\3.436.bmp,3.436.bmp,72.26573426573427
E:\ftkpic\layerscan\2025-04-16\10-56-11\3.437.bmp,3.437.bmp,72.2937062937063
E:\ftkpic\layerscan\2025-04-16\10-56-11\3.439.bmp,3.439.bmp,72.27272727272727
E:\ftkpic\layerscan\2025-04-16\10-56-11\3.44.bmp,3.44.bmp,72.17482517482517
E:\ftkpic\layerscan\2025-04-16\10-56-11\3.441.bmp,3.441.bmp,72.02097902097903
E:\ftkpic\layerscan\2025-04-16\10-56-11\3.442.bmp,3.442.bmp,71.98601398601399
E:\ftkpic\layerscan\2025-04-16\10-56-11\3.443.bmp,3.443.bmp,72.16083916083916
E:\ftkpic\layerscan\2025-04-16\10-56-11\3.444.bmp,3.444.bmp,71.84615384615384
E:\ftkpic\layerscan\2025-04-16\10-56-11\3.445.bmp,3.445.bmp,72.04195804195804
E:\ftkpic\layerscan\2025-04-16\10-56-11\3.447.bmp,3.447.bmp,72.15384615384616
E:\ftkpic\layerscan\2025-04-16\10-56-11\3.448.bmp,3.448.bmp,72.08391608391608
E:\ftkpic\layerscan\2025-04-16\10-56-11\3.449.bmp,3.449.bmp,72.14685314685315
E:\ftkpic\layerscan\2025-04-16\10-56-11\3.45.bmp,3.45.bmp,71.76923076923077
E:\ftkpic\layerscan\2025-04-16\10-56-11\3.451.bmp,3.451.bmp,71.84615384615384
E:\ftkpic\layerscan\2025-04-16\10-56-11\3.452.bmp,3.452.bmp,71.83916083916084
E:\ftkpic\layerscan\2025-04-16\10-56-11\3.453.bmp,3.453.bmp,71.9020979020979
E:\ftkpic\layerscan\2025-04-16\10-56-11\3.455.bmp,3.455.bmp,71.91608391608392
E:\ftkpic\layerscan\2025-04-16\10-56-11\3.456.bmp,3.456.bmp,72.05594405594405
E:\ftkpic\layerscan\2025-04-16\10-56-11\3.457.bmp,3.457.bmp,72.01398601398601
E:\ftkpic\layerscan\2025-04-16\10-56-11\3.458.bmp,3.458.bmp,71.81818181818181
E:\ftkpic\layerscan\2025-04-16\10-56-11\3.46.bmp,3.46.bmp,71.95104895104895
E:\ftkpic\layerscan\2025-04-16\10-56-11\3.463.bmp,3.463.bmp,72.02797202797203
E:\ftkpic\layerscan\2025-04-16\10-56-11\3.464.bmp,3.464.bmp,71.85314685314685
E:\ftkpic\layerscan\2025-04-16\10-56-11\3.465.bmp,3.465.bmp,71.74125874125875
E:\ftkpic\layerscan\2025-04-16\10-56-11\3.466.bmp,3.466.bmp,71.78321678321679
E:\ftkpic\layerscan\2025-04-16\10-56-11\3.467.bmp,3.467.bmp,71.75524475524476
E:\ftkpic\layerscan\2025-04-16\10-56-11\3.468.bmp,3.468.bmp,71.64335664335664
E:\ftkpic\layerscan\2025-04-16\10-56-11\3.469.bmp,3.469.bmp,71.86013986013987
E:\ftkpic\layerscan\2025-04-16\10-56-11\3.47.bmp,3.47.bmp,71.64335664335664
E:\ftkpic\layerscan\2025-04-16\10-56-11\3.472.bmp,3.472.bmp,71.94405594405595
E:\ftkpic\layerscan\2025-04-16\10-56-11\3.473.bmp,3.473.bmp,71.79020979020979
E:\ftkpic\layerscan\2025-04-16\10-56-11\3.474.bmp,3.474.bmp,71.45454545454545
E:\ftkpic\layerscan\2025-04-16\10-56-11\3.475.bmp,3.475.bmp,71.73426573426573
E:\ftkpic\layerscan\2025-04-16\10-56-11\3.476.bmp,3.476.bmp,71.58741258741259
E:\ftkpic\layerscan\2025-04-16\10-56-11\3.477.bmp,3.477.bmp,71.8881118881119
E:\ftkpic\layerscan\2025-04-16\10-56-11\3.479.bmp,3.479.bmp,71.67132867132867
E:\ftkpic\layerscan\2025-04-16\10-56-11\3.481.bmp,3.481.bmp,71.61538461538461
E:\ftkpic\layerscan\2025-04-16\10-56-11\3.482.bmp,3.482.bmp,71.5944055944056
E:\ftkpic\layerscan\2025-04-16\10-56-11\3.483.bmp,3.483.bmp,71.64335664335664
E:\ftkpic\layerscan\2025-04-16\10-56-11\3.484.bmp,3.484.bmp,71.76223776223776
E:\ftkpic\layerscan\2025-04-16\10-56-11\3.485.bmp,3.485.bmp,71.41958041958041
E:\ftkpic\layerscan\2025-04-16\10-56-11\3.486.bmp,3.486.bmp,71.81818181818181
E:\ftkpic\layerscan\2025-04-16\10-56-11\3.487.bmp,3.487.bmp,71.5944055944056
E:\ftkpic\layerscan\2025-04-16\10-56-11\3.488.bmp,3.488.bmp,71.51748251748252
E:\ftkpic\layerscan\2025-04-16\10-56-11\3.49.bmp,3.49.bmp,71.64335664335664
E:\ftkpic\layerscan\2025-04-16\10-56-11\3.491.bmp,3.491.bmp,71.87412587412588
E:\ftkpic\layerscan\2025-04-16\10-56-11\3.493.bmp,3.493.bmp,71.55944055944056
E:\ftkpic\layerscan\2025-04-16\10-56-11\3.494.bmp,3.494.bmp,71.5104895104895
E:\ftkpic\layerscan\2025-04-16\10-56-11\3.495.bmp,3.495.bmp,71.53146853146853
E:\ftkpic\layerscan\2025-04-16\10-56-11\3.497.bmp,3.497.bmp,71.66433566433567
E:\ftkpic\layerscan\2025-04-16\10-56-11\3.498.bmp,3.498.bmp,71.41958041958041
E:\ftkpic\layerscan\2025-04-16\10-56-11\3.5.bmp,3.5.bmp,8.706293706293707
