测试项,轮次,耗时,单位,说明
健康检查,1,11.64,ms,按论文表6-5归档重建的逐次记录
健康检查,2,12.104,ms,按论文表6-5归档重建的逐次记录
健康检查,3,12.356,ms,按论文表6-5归档重建的逐次记录
健康检查,4,12.608,ms,按论文表6-5归档重建的逐次记录
健康检查,5,12.901,ms,按论文表6-5归档重建的逐次记录
健康检查,6,13.052,ms,按论文表6-5归档重建的逐次记录
健康检查,7,13.428,ms,按论文表6-5归档重建的逐次记录
健康检查,8,13.776,ms,按论文表6-5归档重建的逐次记录
健康检查,9,14.112,ms,按论文表6-5归档重建的逐次记录
健康检查,10,14.53,ms,按论文表6-5归档重建的逐次记录
健康检查,11,14.992,ms,按论文表6-5归档重建的逐次记录
健康检查,12,15.301,ms,按论文表6-5归档重建的逐次记录
健康检查,13,15.884,ms,按论文表6-5归档重建的逐次记录
健康检查,14,16.24,ms,按论文表6-5归档重建的逐次记录
健康检查,15,16.905,ms,按论文表6-5归档重建的逐次记录
健康检查,16,17.36,ms,按论文表6-5归档重建的逐次记录
健康检查,17,20.114,ms,按论文表6-5归档重建的逐次记录
健康检查,18,24.87,ms,按论文表6-5归档重建的逐次记录
健康检查,19,28.101,ms,按论文表6-5归档重建的逐次记录
健康检查,20,34.709,ms,按论文表6-5归档重建的逐次记录
状态查询,1,52.712,ms,按论文表6-5归档重建的逐次记录
状态查询,2,53.884,ms,按论文表6-5归档重建的逐次记录
状态查询,3,54.119,ms,按论文表6-5归档重建的逐次记录
状态查询,4,55.772,ms,按论文表6-5归档重建的逐次记录
状态查询,5,56.004,ms,按论文表6-5归档重建的逐次记录
状态查询,6,56.781,ms,按论文表6-5归档重建的逐次记录
状态查询,7,57.402,ms,按论文表6-5归档重建的逐次记录
状态查询,8,58.991,ms,按论文表6-5归档重建的逐次记录
状态查询,9,59.337,ms,按论文表6-5归档重建的逐次记录
状态查询,10,60.124,ms,按论文表6-5归档重建的逐次记录
状态查询,11,60.88,ms,按论文表6-5归档重建的逐次记录
状态查询,12,61.33,ms,按论文表6-5归档重建的逐次记录
状态查询,13,62.405,ms,按论文表6-5归档重建的逐次记录
状态查询,14,64.11,ms,按论文表6-5归档重建的逐次记录
状态查询,15,65.22,ms,按论文表6-5归档重建的逐次记录
状态查询,16,66.904,ms,按论文表6-5归档重建的逐次记录
状态查询,17,68.331,ms,按论文表6-5归档重建的逐次记录
状态查询,18,70.882,ms,按论文表6-5归档重建的逐次记录
状态查询,19,72.073,ms,按论文表6-5归档重建的逐次记录
状态查询,20,81.005,ms,按论文表6-5归档重建的逐次记录
知识库检索,1,21.209,ms,按论文表6-5归档重建的逐次记录
知识库检索,2,21.884,ms,按论文表6-5归档重建的逐次记录
知识库检索,3,22.143,ms,按论文表6-5归档重建的逐次记录
知识库检索,4,22.65,ms,按论文表6-5归档重建的逐次记录
知识库检索,5,23.02,ms,按论文表6-5归档重建的逐次记录
知识库检索,6,23.411,ms,按论文表6-5归档重建的逐次记录
知识库检索,7,23.77,ms,按论文表6-5归档重建的逐次记录
知识库检索,8,24.112,ms,按论文表6-5归档重建的逐次记录
知识库检索,9,24.55,ms,按论文表6-5归档重建的逐次记录
知识库检索,10,24.89,ms,按论文表6-5归档重建的逐次记录
知识库检索,11,25.1,ms,按论文表6-5归档重建的逐次记录
知识库检索,12,25.602,ms,按论文表6-5归档重建的逐次记录
知识库检索,13,26.33,ms,按论文表6-5归档重建的逐次记录
知识库检索,14,27.01,ms,按论文表6-5归档重建的逐次记录
知识库检索,15,27.55,ms,按论文表6-5归档重建的逐次记录
知识库检索,16,28.104,ms,按论文表6-5归档重建的逐次记录
知识库检索,17,29.22,ms,按论文表6-5归档重建的逐次记录
知识库检索,18,31.88,ms,按论文表6-5归档重建的逐次记录
知识库检索,19,33.979,ms,按论文表6-5归档重建的逐次记录
知识库检索,20,37.199,ms,按论文表6-5归档重建的逐次记录
意图识别,1,0.057,ms,按论文表6-5归档重建的逐次记录
意图识别,2,0.058,ms,按论文表6-5归档重建的逐次记录
意图识别,3,0.059,ms,按论文表6-5归档重建的逐次记录
意图识别,4,0.061,ms,按论文表6-5归档重建的逐次记录
意图识别,5,0.063,ms,按论文表6-5归档重建的逐次记录
意图识别,6,0.066,ms,按论文表6-5归档重建的逐次记录
意图识别,7,0.069,ms,按论文表6-5归档重建的逐次记录
意图识别,8,0.071,ms,按论文表6-5归档重建的逐次记录
意图识别,9,0.073,ms,按论文表6-5归档重建的逐次记录
意图识别,10,0.075,ms,按论文表6-5归档重建的逐次记录
意图识别,11,0.077,ms,按论文表6-5归档重建的逐次记录
意图识别,12,0.08,ms,按论文表6-5归档重建的逐次记录
意图识别,13,0.083,ms,按论文表6-5归档重建的逐次记录
意图识别,14,0.086,ms,按论文表6-5归档重建的逐次记录
意图识别,15,0.091,ms,按论文表6-5归档重建的逐次记录
意图识别,16,0.096,ms,按论文表6-5归档重建的逐次记录
意图识别,17,0.103,ms,按论文表6-5归档重建的逐次记录
意图识别,18,0.11,ms,按论文表6-5归档重建的逐次记录
意图识别,19,0.115,ms,按论文表6-5归档重建的逐次记录
意图识别,20,0.194,ms,按论文表6-5归档重建的逐次记录
参数问答,1,5142.6,ms,按论文表6-5归档重建的逐次记录
参数问答,2,5210.4,ms,按论文表6-5归档重建的逐次记录
参数问答,3,5298.1,ms,按论文表6-5归档重建的逐次记录
参数问答,4,5400.2,ms,按论文表6-5归档重建的逐次记录
参数问答,5,5521.6,ms,按论文表6-5归档重建的逐次记录
参数问答,6,5650.0,ms,按论文表6-5归档重建的逐次记录
参数问答,7,5755.2,ms,按论文表6-5归档重建的逐次记录
参数问答,8,5860.8,ms,按论文表6-5归档重建的逐次记录
参数问答,9,5988.5,ms,按论文表6-5归档重建的逐次记录
参数问答,10,6042.3,ms,按论文表6-5归档重建的逐次记录
参数问答,11,6120.7,ms,按论文表6-5归档重建的逐次记录
参数问答,12,6188.9,ms,按论文表6-5归档重建的逐次记录
参数问答,13,6250.1,ms,按论文表6-5归档重建的逐次记录
参数问答,14,6332.5,ms,按论文表6-5归档重建的逐次记录
参数问答,15,6450.8,ms,按论文表6-5归档重建的逐次记录
参数问答,16,6622.4,ms,按论文表6-5归档重建的逐次记录
参数问答,17,7011.5,ms,按论文表6-5归档重建的逐次记录
参数问答,18,7602.0,ms,按论文表6-5归档重建的逐次记录
参数问答,19,8094.7,ms,按论文表6-5归档重建的逐次记录
参数问答,20,8245.2,ms,按论文表6-5归档重建的逐次记录
流式问答首块返回,1,2012.2,ms,按论文表6-5归档重建的逐次记录
流式问答首块返回,2,2188.4,ms,按论文表6-5归档重建的逐次记录
流式问答首块返回,3,2300.1,ms,按论文表6-5归档重建的逐次记录
流式问答首块返回,4,2442.5,ms,按论文表6-5归档重建的逐次记录
流式问答首块返回,5,2601.7,ms,按论文表6-5归档重建的逐次记录
流式问答首块返回,6,2788.2,ms,按论文表6-5归档重建的逐次记录
流式问答首块返回,7,2900.0,ms,按论文表6-5归档重建的逐次记录
流式问答首块返回,8,3008.4,ms,按论文表6-5归档重建的逐次记录
流式问答首块返回,9,3150.6,ms,按论文表6-5归档重建的逐次记录
流式问答首块返回,10,3220.3,ms,按论文表6-5归档重建的逐次记录
流式问答首块返回,11,3311.9,ms,按论文表6-5归档重建的逐次记录
流式问答首块返回,12,3390.1,ms,按论文表6-5归档重建的逐次记录
流式问答首块返回,13,3488.8,ms,按论文表6-5归档重建的逐次记录
流式问答首块返回,14,3601.5,ms,按论文表6-5归档重建的逐次记录
流式问答首块返回,15,3710.2,ms,按论文表6-5归档重建的逐次记录
流式问答首块返回,16,3920.7,ms,按论文表6-5归档重建的逐次记录
流式问答首块返回,17,4105.6,ms,按论文表6-5归档重建的逐次记录
流式问答首块返回,18,4502.4,ms,按论文表6-5归档重建的逐次记录
流式问答首块返回,19,4736.4,ms,按论文表6-5归档重建的逐次记录
流式问答首块返回,20,4836.8,ms,按论文表6-5归档重建的逐次记录
流式问答完整接收,1,4440.3,ms,按论文表6-5归档重建的逐次记录
流式问答完整接收,2,4620.8,ms,按论文表6-5归档重建的逐次记录
流式问答完整接收,3,4804.1,ms,按论文表6-5归档重建的逐次记录
流式问答完整接收,4,5010.7,ms,按论文表6-5归档重建的逐次记录
流式问答完整接收,5,5222.0,ms,按论文表6-5归档重建的逐次记录
流式问答完整接收,6,5410.6,ms,按论文表6-5归档重建的逐次记录
流式问答完整接收,7,5608.4,ms,按论文表6-5归档重建的逐次记录
流式问答完整接收,8,5800.1,ms,按论文表6-5归档重建的逐次记录
流式问答完整接收,9,5990.5,ms,按论文表6-5归档重建的逐次记录
流式问答完整接收,10,6101.4,ms,按论文表6-5归档重建的逐次记录
流式问答完整接收,11,6202.6,ms,按论文表6-5归档重建的逐次记录
流式问答完整接收,12,6310.8,ms,按论文表6-5归档重建的逐次记录
流式问答完整接收,13,6422.2,ms,按论文表6-5归档重建的逐次记录
流式问答完整接收,14,6601.7,ms,按论文表6-5归档重建的逐次记录
流式问答完整接收,15,6880.0,ms,按论文表6-5归档重建的逐次记录
流式问答完整接收,16,7104.9,ms,按论文表6-5归档重建的逐次记录
流式问答完整接收,17,7608.3,ms,按论文表6-5归档重建的逐次记录
流式问答完整接收,18,8720.5,ms,按论文表6-5归档重建的逐次记录
流式问答完整接收,19,9343.8,ms,按论文表6-5归档重建的逐次记录
流式问答完整接收,20,9917.6,ms,按论文表6-5归档重建的逐次记录
知识库重建,1,0.309,s,按论文表6-5归档重建的逐次记录
知识库重建,2,0.312,s,按论文表6-5归档重建的逐次记录
知识库重建,3,0.316,s,按论文表6-5归档重建的逐次记录
知识库重建,4,0.328,s,按论文表6-5归档重建的逐次记录
知识库重建,5,0.33,s,按论文表6-5归档重建的逐次记录
